Workbook

Sheet Original
A1: actor | B1: Umbrella_name_1 | C1: Umbrella_name_2 | D1: Umbrella_name_3 | E1: Umbrella_id_1 | F1: Umbrella_id_2 | G1: Umbrella_id_3 | H1: match_grade | I1: Source | J1: Notes | N1: Type | P1: Allies
A2: 13th Division | B2: Free Syrian Army | E2: 6 | H2: A | I2: https://www.reuters.com/article/us-mideast-crisis-syria-idlib/air-strike-on-market-kills-around-40-in-opposition-held-northwest-syria-idUSKCN0XG1XT | J2: Lines up with ACLED battle descriptions. Wikipedia link: https://en.wikipedia.org/wiki/13th_Division_(Syrian_rebel_group) | L2: Al Qaeda | M2: 1
A3: 1st Brigade of Damascus | B3: Free Syrian Army | E3: 6 | H3: A | I3: http://www.orient-news.net/en/news_show/110355/Oppositions-First-Brigade-merges-into-al-Rahman-Brigade-in-Damascus- | J3: Merged into al-Rahman Brigades, which are part of FSA. Source: http://www.dw.com/en/which-rebel-groups-are-fighting-in-syrias-eastern-ghouta/a-42663501 | L3: Jaysh al-Fatah | M3: 2 | N3: Sunni Islamist | P3: Free Syrian Army
A4: 1st Coastal Division | B4: Free Syrian Army | E4: 6 | H4: A | I4: http://www.rubincenter.org/2015/12/the-factions-of-north-latakia/ | L4: Al-Fawj Al-Awl | M4: 3 | N4: Sunni Islamist | P4: Free Syrian Army
A5: 1st Regiment | B5: The Southern Front | E5: 12 | H5: A | I5: https://notgeorgesabra.wordpress.com/2014/10/21/the-moderate-rebels-a-complete-and-growing-list-of-vetted-groups/ | J5: aka 1st Artillery Regiment | L5: The Levantine Front | M5: 4 | N5: Sunni Islamist | P5: Free Syrian Army
A6: 3rd Corps | B6: Free Syrian Army | E6: 6 | H6: A | I6: https://syria.liveuamap.com/en/2018/20-february-afrinop-3rd-corps-of-national-army-storming-with | J6: Note that in the description of events that include 3rd corps, it is listed as an FSA group fighting against YPG | L6: Jaysh al-Islam | M6: 5 | N6: Sunni Islamist | P6: Free Syrian Army
A7: 9th Division Special Forces | B7: Free Syrian Army | E7: 6 | H7: A | I7: https://smartnews-agency.com/en/media/249654/the-9th-division--graduates-a-military-class-in-jarablus | L7: Free Syrian Army | M7: 6 | N7: Sunni Islamist | P7: Free Syrian Army
A8: AAS: Ahrar al-Sham | B8: Ahrar al-Sham | E8: 20 | H8: A | I8: Definition | J8: One of largest Sunni Islamist groups, maybe should be an umbrella organization. Recently merged with Nour al-Din al-Zenki to form Syrian Liberation Force (!). Wikipedia link: https://en.wikipedia.org/wiki/Ahrar_al-Sham | L8: Faylaq al-Rahman | M8: 7 | N8: Sunni Islamist | P8: Free Syrian Army
A9: AJA: Ahrar Jabal Al-Sheikh | H9: C | J9: No exact link to any umbrella organization. Group seems to fight against government forces in alliance with FSA, HTS | L9: Ajnad al-Sham Islamic Union | M9: 8 | P9: Jaysh al-Islam
A10: Abu Amara Brigade | B10: The Levantine Front | E10: 4 | H10: C | I10: Wikipedia *** DOUBLE-CHECK ***
A11: Abna al-Sham (Hama) | B11: Free Syrian Army | E11: 6 | H11: A | I11: https://www.longwarjournal.org/archives/2017/03/analysis-insurgents-launch-major-offensive-against-assad-regime-in-hama-province.php | L11: Popular Mobilization Forces | M11: 9 | N11: Shia | P11: Iraq | Q11: Iran
A12: Ahmad al-Abdo Forces | B12: The Southern Front | E12: 12 | H12: A | I12: https://www.newsdeeply.com/syria/community/2017/03/01/fmaa-our-priority-is-to-establish-our-free-future-state | L12: Hezbollah | M12: 10 | N12: Shia | P12: Iran
A13: Ahrar Al Sharqiyah | B13: Free Syrian Army | E13: 6 | H13: A | I13: https://www.almasdarnews.com/article/syrian-army-neutralizes-turkish-backed-troops-near-al-bab/ | J13: This is a duplicate with slightly different spelling. Seems like some within this group have defected to SDF, per this article: http://theregion.org/article/12722-disillusioned-jihadist-ahrar-al-sharqiya-members-defect-to-sdf-backed-council | L13: Syrian Democratic Forces | M13: 11 | N13: Kurdish | P13: USA | Q13: Russia
A14: Ahrar Nawa Brigade | B14: The Southern Front | E14: 12 | H14: A | I14: https://rfsmediaoffice.com/en/2017/02/14/coalition-southern-forces/ | L14: The Southern Front | M14: 12 | N14: Secular | P14: USA
A15: Ahrar al-Sharqiyah | B15: Free Syrian Army | E15: 6 | H15: A | I15: https://www.almasdarnews.com/article/syrian-army-neutralizes-turkish-backed-troops-near-al-bab/ | J15: This is a duplicate with slightly different spelling. Seems like some within this group have defected to SDF, per this article: http://theregion.org/article/12722-disillusioned-jihadist-ahrar-al-sharqiya-members-defect-to-sdf-backed-council | L15: Islamic State | M15: 13
A16: Ajnad al-Sham Islamic Union | B16: Ajnad al-Sham Islamic Union | E16: 8 | H16: A | I16: Definition | L16: Military Forces of Syria | M16: 14
A17: Aknaf Bait al-Maqdis | H17: C | I17: http://www.syriahr.com/en/?p=77014 | J17: Appear in ACLED as fighting alongside Sham al-Rasoul Brigade against the Islamic State, but no clear umbrella organization | L17: Russia | M17: 15
A18: Aknaf Bayt al-Maqdes | H18: C | I18: http://www.syriahr.com/en/?p=77014 | J18: Appear in ACLED as fighting alongside Sham al-Rasoul Brigade against the Islamic State, but no clear umbrella organization. Note there is a duplicate entry that spells Bayt as "Bait" and Maqdes as "Maqdis" | L18: Iran | M18: 16
A19: Al Haramain Brigades | B19: Syrian Democratic Forces | E19: 11 | H19: A | I19: https://twitter.com/QSD00963/status/707950225260937216 | J19: Name does not match exactly. The following link in German, confirmed with Google Translate, is reputable source: http://www.kurdistan-report.de/index.php/archiv/2017/54-kr-193-september-oktober-2017/623-die-qsd-eine-kampfgruppe-der-gesellschaften-syriens | L19: Turkey | M19: 17
A20: Al Qaeda | B20: Al Qaeda | E20: 1 | H20: A | I20: Definition | L20: USA | M20: 18
A21: Al Sham Corps | H21: C | I21: https://www.reuters.com/article/us-mideast-crisis-syria-rebels/syrian-rebel-group-says-exits-islamist-alliance-to-refocus-fight-idUSKBN0UH08Q20160103?feedType=RSS&feedName=worldNews | J21: Duplicate | L21: Israel | M21: 19
A22: Al-Haramain Brigade | B22: Syrian Democratic Forces | E22: 11 | H22: A | I22: https://twitter.com/QSD00963/status/707950225260937216 | J22: Name does not match exactly. The following link in German, confirmed with Google Translate, is reputable source: http://www.kurdistan-report.de/index.php/archiv/2017/54-kr-193-september-oktober-2017/623-die-qsd-eine-kampfgruppe-der-gesellschaften-syriens | L22: Ahrar al-Sham | M22: 20 | N22: Sunni Islamist | P22: Free Syrian Army
A23: Al-Muwali Brigade (Syria) | B23: Free Syrian Army | E23: 6 | H23: A | I23: https://www.hate-speech.org/tribes-of-syria-pieces-on-a-chessboard/ | J23: Slightly different spelling on the source link, "malawi", but lines up with other sources reviewed.
A24: Al-Safirah Brigade | B24: Military Forces of Syria | E24: 14 | H24: A | I24: http://www.aymennjawad.org/18859/the-local-defence-forces-regime-auxiliary-forces | J24: Name does not match exactly: "Safira Regiment" vs. "al-Safira Brigade"
A25: Al-Sham Corps | H25: C | I25: https://www.reuters.com/article/us-mideast-crisis-syria-rebels/syrian-rebel-group-says-exits-islamist-alliance-to-refocus-fight-idUSKBN0UH08Q20160103?feedType=RSS&feedName=worldNews | J25: Group withdrew from Jaysh al-Fatah in 2016, reasserting its independence. Al Sham Corps = Sham Legion = Faylaq al-Sham. But it is unclear which umbrella group it belongs to.
A26: Al-Tawhid Army | H26: C | J26: Does not fit into any of the umbrella organizations
A27: Al-Wosta Division | B27: Free Syrian Army | E27: 6 | H27: A | I27: http://en.farsnews.com/newstext.aspx?nn=13960418000232
A28: Allied Syrian and/or Russian Forces | B28: Military Forces of Syria | E28: 14 | H28: B | J28: Could be Syrian military or Russia (id = 15)
A29: Ansar al-Islam | H29: C | I29: http://web.stanford.edu/group/mappingmilitants/cgi-bin/groups/view/13 | J29: Ansar al-Islam was a Sunni group that spanned Iraq and Syria from 2001 to 2014. In 2013-2014, the group clashed with the Islamic State (IS), because it considered IS’s claiming itself as the caliphate premature and undeserved. However, on August 2014, Iraqi leaders of Ansar al-Islam declared that they would be joining IS, so that 90% or more of Iraqi Ansar al-Islam joined IS. Ansar al-Islam in Iraq thus effectively disbanded, while the Syria branch rejected the declaration and remains an independent organization, still fights IS. Only remnants are left in Syria.
A30: Arab Nationalist Guard | B30: Military Forces of Syria | E30: 14 | H30: A | I30: http://www.aymennjawad.org/14235/arab-nationalist-guard
A31: Army of Mujahideen | B31: Mujahideen Army | E31: 6 | H31: A | I31: https://syriainbrief.wordpress.com/2018/01/02/the-cias-tow-program-a-list-of-rebel-groups-involved/ | J31: Note that the group has now disbanded and integrated into Ahrar ash-Sham
A32: As-Sweida Communal Militia (Syria) | H32: C | J32: This group has seemingly rejected FSA alliance offerings, but it is unclear whether or not it is allied with government. Source: https://www.almasdarnews.com/article/druze-of-as-sweida-reject-fsa-peace-offering/
A33: Asayish (Syria) | B33: Syrian Democratic Forces | E33: 11 | H33: B | I33: http://www.middleeasteye.net/news/anti-coalition-trains-policemen-syrias-raqqa-1227633581 | J33: The group is for the most part a Kurdish police force in Northern Syria (Rojava), but it has also had involvement with military campaigns. Seems like more recently, the force has become more integrated with the SDF (from source cited)
A34: Ba'ath Party Members (Syria) | B34: Military Forces of Syria | E34: 14 | H34: B | I34: https://en.wikipedia.org/wiki/Ba%27ath_Party_(Syrian-dominated_faction) | J34: Ba'ath Party is aligned with the government (has been ruling party in Syria for half a century), so it would be aligned with Military Forces of Syria, but the match is not exact.
A35: Bakkara Youth Gathering (Syria) | B35: Syrian Democratic Forces | E35: 11 | H35: A | I35: http://www.syriahr.com/en/?p=73900 | J35: DUPLICATE - Same as "al-Bakkara Youth Gathering (Syria) (Syria)" above
A36: Banyan al-Marsus | B36: Free Syrian Army | E36: 6 | H36: A | I36: http://www.atlanticcouncil.org/blogs/syriasource/the-battle-for-deraa-and-iran-s-plans-in-the-south
A37: Civilians | H37: C | J37: Vague description
A38: Eagles of the Whirlwind | B38: Military Forces of Syria | E38: 14 | H38: C | I38: Wikipedia *** DOUBLE-CHECK ***
A39: Eastern Shield Army | B39: Free Syrian Army | E39: 6 | H39: A | I39: https://southfront.org/militants-announced-formation-of-eastern-shield-army/
A40: FFaI: Dawn of Islam Division | B40: Free Syrian Army | E40: 6 | H40: A | I40: https://twitter.com/rufus_mcdonald/status/839283019227639808 | J40: No concrete reliable source, but all of them point to FSA (possibly Southern Front) affiliation
A41: FaR: Al-Rahman Corps | B41: Faylaq al-Rahman | E41: 7 | H41: A | I41: Definition | J41: Seems like the group is 'sometimes' part of FSA
A42: Fatemiyoun Brigade | B42: Hezbollah | E42: 10 | H42: C | I42: Wikipedia *** DOUBLE-CHECK ***
A43: Farouq Battalions | B43: Free Syrian Army | E43: 6 | H43: A | I43: http://world.time.com/2012/10/05/syrias-up-and-coming-rebels-who-are-the-farouq-brigades-2/print/ | J43: Largely defunct as of early 2017
A44: Fawj Maghawir al-Badiya | B44: Military Forces of Syria | E44: 14 | H44: A | I44: http://www.meforum.org/6296/fawj-maghawir-al-badiya
A45: Free Alawite Movement | B45: Free Syrian Army | E45: 6 | H45: A | I45: https://www.memri.org/reports/free-alawite-movement-first-signs-armed-alawite-resistance-assad-regime | J45: Source cited indicates intention to join FSA, from other sources seems as though group is indeed linked to FSA
A46: Free Idlib Army | B46: Free Syrian Army | E46: 6 | H46: A | I46: https://www.almasdarnews.com/article/new-rebel-group-formed-idlib/
A47: Free Syrian Police | H47: C | I47: https://www.adamsmithinternational.com/news-and-insights/background-on-the-free-syrian-police | J47: Independent police force
A48: Ghuraba Al-Janob | H48: C | I48: http://www.syriahr.com/en/?p=82302 | J48: No clear identification, but clearly a rebel group
A49: Global Coalition Against Daesh | H49: C | I49: http://theglobalcoalition.org/en/mission-en/
A50: ISIS Hunters | B50: Military Forces of Syria | E50: 14 | H50: A | I50: Wikipedia *** DOUBLE-CHECK ***
A51: Golan Regiment | B51: Military Forces of Syria | E51: 14 | H51: A | I51: https://www.almasdarnews.com/article/leader-prominent-pro-government-force-died-golan-heights/
A52: Grey Wolves | B52: Turkey | E52: 17 | H52: B | I52: https://warontherocks.com/2016/01/a-cause-for-all-turks-turkey-and-syrias-turkmen-rebels/ | J52: The group certainly is aligned with Turkey's objectives and might get funding from Turkey, but 'B' grade because it is not strictly a part of Turkey
A53: Grey Wolves Militia | B53: Turkey | E53: 17 | H53: B | I53: https://warontherocks.com/2016/01/a-cause-for-all-turks-turkey-and-syrias-turkmen-rebels/ | J53: The group certainly is aligned with Turkey's objectives and might get funding from Turkey, but 'B' grade because it is not strictly a part of Turkey
A54: HMI: Islamic Muthanna Movement | B54: Islamic State | E54: 13 | H54: B | I54: http://www.middleeasteye.net/news/fighters-take-over-rural-towns-west-daraa-2084156366 | J54: Allegedly part of ISIS, but not confirmed. Definitely allies. Wikipedia page: https://en.wikipedia.org/wiki/Islamic_Muthanna_Movement
A55: HNDZ: Nour al-Din al-Zinki Movement | B55: Free Syrian Army | E55: 6 | H55: A | I55: http://www.atlanticcouncil.org/blogs/syriasource/nour-al-din-al-zenki-movement-how-a-once-moderate-group-joined-fateh-al-sham | J55: Note that as of February 2018, this group and Arhar al-Sham have merged to form the Syrian Liberation Front. https://en.wikipedia.org/wiki/Nour_al-Din_al-Zenki_Movement#2016_beheading_incident
A56: HTS: Hayat Tahrir al-Sham | H56: C | I56: https://en.wikipedia.org/wiki/Tahrir_al-Sham | J56: Link as part of Al Qaeda disputed. This will be a decision co-authors have to make about how to code HTS, which is one of the largest and most important groups. Often acts independently.
A57: HXP: Self-Defense Forces | H57: C | I57: https://en.wikipedia.org/wiki/Self-Defense_Forces_(Rojava_cantons) | J57: Similar to Asayish, this is a local police force, seemingly not linked to any of the indicated groups
A58: HXP: Self-defense Forces | B58: Syrian Democratic Forces | E58: 11 | H58: A | I58: https://anfenglish.com/kurdistan/manbij-operation-will-continue-until-isis-is-completely-expelled-15983 | J58: Wikipedia link: https://en.wikipedia.org/wiki/Self-Defense_Forces_(DFNS_regions)
A59: Hamza Division - Aleppo | B59: Free Syrian Army | E59: 6 | H59: A | I59: http://www.middleeasteye.net/news/turkey-sends-kurdish-falcon-force-afrin-counter-anti-kurd-image-1507200569
A60: Harakat Hezbollah al-Nujaba | B60: Popular Mobilization Forces | E60: 9 | H60: A | I60: http://www.aymennjawad.org/2015/04/interview-with-the-leader-of-harakat-al-nujaba
A61: Hezbollah | B61: Hezbollah | E61: 10 | H61: A | I61: Definition
A62: ISIS hunters | B62: Military Forces of Syria | E62: 14 | H62: A | I62: http://www.francesoir.fr/politique-monde/syrie-les-isis-hunters-ces-soldats-du-regime-de-damas-formes-par-moscou-bachar-al-assad-forces-speciales-russie-syriens-etat-islamique-palmyre-daech-stephane-mantoux-5e-corps
A63: JMA: Army of Emigrants and Supporters | B63: Al Qaeda | E63: 1 | H63: C | I63: Wikipedia *** DOUBLE-CHECK ***
A64: Imam Bukhari Battalion | B64: Al Qaeda | E64: 1 | H64: A | I64: https://www.rferl.org/a/islamic-state-uzbek-militant-faction-syria-taliban/26686992.html | J64: This alliance may have ended since 2017
A65: Islamic State (Syria) | B65: Islamic State | E65: 13 | H65: A | I65: Definition
A66: Islamist Factions (Syria) | H66: C
A67: Islamist Militia | H67: C | J67: Vague description
A68: Islamist Rebels (Syria) | H68: C | J68: Vague description
A69: JAA: Army of Free Tribes | B69: Free Syrian Army | E69: 6 | H69: B | I69: https://www.hate-speech.org/tribes-of-syria-pieces-on-a-chessboard/ | J69: Source unclear
A70: JMT: Army of the Commandos of the Revolution | B70: Free Syrian Army | E70: 6 | H70: A | I70: https://arabi21.com/story/1009418/%D9%85%D8%BA%D8%A7%D9%88%D9%8A%D8%B1-%D8%A7%D9%84%D8%AB%D9%88%D8%B1%D8%A9-%D9%8A%D8%B3%D8%AA%D8%B9%D8%AF-%D9%84%D9%85%D8%B9%D8%B1%D9%83%D8%A9-%D8%A7%D9%84%D8%A8%D9%88%D9%83%D9%85%D8%A7%D9%84-%D8%A8%D8%BA%D8%B7%D8%A7%D8%A1-%D9%85%D9%86-%D8%A7%D9%84%D8%AA%D8%AD%D8%A7%D9%84%D9%81 | J70: Translated to English using Google Translated
A71: JOS: Lions of the East Army | B71: The Southern Front | E71: 12 | H71: A | I71: http://www.middleeasteye.net/news/air-strikes-kill-least-3-syrian-refugees-jordanian-border-iran-russia-rebels-rukban-tanf-coalition-amman-588493312
A72: JSH: Free Syrian Army | B72: Free Syrian Army | E72: 6 | H72: A | I72: Definition
A73: JTS: Syria Liberation Front | H73: C | I73: http://syriadirect.org/news/two-of-the-largest-factions-in-syria%E2%80%99s-northwest-merge-challenge-hts-dominance/ | J73: Recent merging of Ahrar a-Sham and Harakat Nour e-Din a-Zinki
A74: JTS: Syrian Revolutionaries Front | B74: The Southern Front | E74: 12 | H74: A | I74: http://carnegie-mec.org/diwan/55054?lang=en
A75: JWS: Syrian National Army | B75: Military Forces of Syria | E75: 14 | H75: A | I75: Definition
A76: JaF: Army of Conquest | B76: Jaysh al-Fatah | E76: 2 | H76: A | I76: https://en.wikipedia.org/wiki/Army_of_Conquest
A77: JaI: Army of Glory | B77: Free Syrian Army | E77: 6 | H77: A | I77: https://syriainbrief.wordpress.com/2018/01/02/the-cias-tow-program-a-list-of-rebel-groups-involved/
A78: JaM: Army of Monotheists (Syria) (Syria) | B78: Military Forces of Syria | E78: 14 | H78: B | I78: https://web.archive.org/web/20141009135404/http://www.juancole.com/news/syria-comment/2014/09/suwayda-village-militias | J78: They are linked but not explicitly a part of the military forces of syria
A79: JaN: Army of Victory | B79: Free Syrian Army | E79: 6 | H79: A | I79: https://syriainbrief.wordpress.com/2018/01/02/the-cias-tow-program-a-list-of-rebel-groups-involved/
A80: JaN: Elite Army | B80: Free Syrian Army | E80: 6 | H80: A | I80: https://smartnews-agency.com/ar/wires/216110/%D8%AC%D9%8A%D8%B4-%D8%A7%D9%84%D8%AA%D8%AD%D8%B1%D9%8A%D8%B1-%D9%8A%D8%B9%D9%84%D9%86-%D8%A5%D8%B9%D8%A7%D8%AF%D8%A9-%D9%87%D9%8A%D9%83%D9%84%D8%AA%D9%87-%D9%88%D8%AA%D8%BA%D9%8A%D9%8A%D8%B1-%D8%A7%D8%B3%D9%85%D9%87-%D8%A5%D9%84%D9%89-%D8%AC%D9%8A%D8%B4-%D8%A7%D9%84%D9%86%D8%AE%D8%A8%D8%A9 | J80: Translated to English using Google Translated. Group changed name from Army of Liberation, which was part of FSA. Source: https://hasanmustafas.wordpress.com/2015/05/08/the-moderate-rebels-a-complete-and-growing-list-of-vetted-groups-fielding-tow-missiles/
A81: JaS: Levant Front | B81: The Levantine Front | E81: 4 | H81: A | I81: Definition
A82: JaT: Army of Revolutionaries | B82: Syrian Democratic Forces | E82: 11 | H82: A | I82: http://www.middleeasteye.net/news/ypg-and-allies-clashes-syrian-opposition-groups-aleppo-633986086 | J82: Referred to in citation as Jaish al-Thuwwar (JaT)
A83: Jabhat Fateh al-Sham | B83: Al Qaeda | E83: 1 | H83: B | I83: https://www.counterextremism.com/threat/nusra-front-jabhat-fateh-al-sham | J83: The group broke ties with Al Qaeda in 2016, by 2017 it had joined Tahrir al-Sham. Source: http://www.bbc.com/news/world-middle-east-36916606
A84: Jarablus Security forces | B84: Turkey | C84: Free Syrian Army | E84: 17 | F84: 6 | H84: A | I84: https://www.reuters.com/article/us-mideast-crisis-syria-turkey-police/hundreds-of-police-trained-by-turkey-start-work-in-northern-syria-idUSKBN1582MF
A85: Jaysh Al Fatah | B85: Jaysh al-Fatah | E85: 2 | H85: A | I85: Definition
A86: Jaysh Maghawir al-Thawra | B86: Free Syrian Army | E86: 6 | H86: A | I86: https://www.washingtonpost.com/world/middle_east/the-last-remaining-pentagon-trained-rebel-group-in-syria-is-now-in-jeopardy/2016/05/27/91de194a-1c5f-11e6-82c2-a7dcb313287d_story.html?utm_term=.63d84c891bbb | J86: Formerly called New Syrian Army. Wikipedia link: https://en.wikipedia.org/wiki/Revolutionary_Commando_Army
A87: Jaysh al-Ahrar | H87: C | I87: https://www.thecipherbrief.com/al-qaeda-spinoffs-rise-syrian-ashes | J87: Group split off from Ahrar al-Sham then from Tahrir al-Sham. Although at least one source calls it part of the FSA, this isn't consistent with most accounts: https://www.globalresearch.ca/idlib-de-escalation-zone-collapses-as-free-syrian-armys-sfa-moderate-opposition-comes-to-the-rescue-of-its-al-qaeda-counterparts/5625720
A88: Jaysh al-Fatah | B88: Jaysh al-Fatah | E88: 2 | H88: A | I88: Definition
A89: Jaysh al-Islam | B89: Jaysh al-Islam | E89: 5 | H89: A | I89: Definition
A90: Jaysh al Izza | B90: Free Syrian Army | E90: 6 | I90: Reading of Wikipedia
A91: Jaysh al-Nasr | B91: Free Syrian Army | E91: 6 | H91: A | I91: https://syriainbrief.wordpress.com/2018/01/02/the-cias-tow-program-a-list-of-rebel-groups-involved/ | J91: Same as Army of Victory
A92: JeA: Ababil Horan Battalion | B92: The Southern Front | E92: 12 | H92: A | I92: http://carnegie-mec.org/diwan/55054?lang=en | J92: Source is from 2014
A93: Journalists (Syria) | H93: C
A94: Jund al-Aqsa | B94: Al Qaeda | E94: 1 | H94: A | I94: http://web.stanford.edu/group/mappingmilitants/cgi-bin/groups/view/669 | J94: Originally in Al Nusra front, then split but leadership remained closely linked. Jund al-Aqsa disbanded in February 2017
A95: Jund al-Malahem | B95: Al Qaeda | E95: 1 | H95: B | I95: https://southfront.org/syrian-army-captures-entire-area-of-mount-hass-in-southern-aleppo-photos-map/ | J95: Unclear if Jund al-Malahem is still linked to Al Qaeda and/or Tahrir al-Sham
A96: KaB: Ba'ath Brigades | B96: Military Forces of Syria | E96: 14 | H96: A | I96: https://en.zamanalwsl.net/news/article/23543/ | J96: Allegiance to Syrian Government but not technically part of
A97: Katibat Ahrar al-Janub | H97: C | I97: https://ctc.usma.edu/the-formation-of-hayat-tahrir-al-sham-and-wider-tensions-in-the-syrian-insurgency/ | J97: Group that recently joined Tahrir al-Sham
A98: Khalid Ibn al-Walid Army | B98: Islamic State | E98: 13 | H98: A | I98: https://www.timesofisrael.com/israel-said-to-carry-out-airstrike-on-is-linked-group-in-syria/
A99: Khalid ibn al-Walid Army | B99: Islamic State | E99: 13 | H99: A | I99: https://www.timesofisrael.com/israel-said-to-carry-out-airstrike-on-is-linked-group-in-syria/
A100: Khan Shaykun Communal Militia (Syria) | H100: C | J100: Khan Shaykhun was site of chemical attack in April 2017, presumably militia formed after attack
...

Sheet Merging2_New
B1: Actor | C1: Counts | D1: Umbrella | E1: Comment
A2: 0 | B2: Military Forces of Syria | C2: 29028 | D2: Military Forces of Syria
A3: 1 | B3: Syrian Democratic Forces | C3: 8988 | D3: Syrian Democratic Forces
A4: 2 | B4: Islamic State in Iraq and the Levant (ISIL) | C4: 7934 | D4: The Islamic State
A5: 3 | B5: Opposition Rebels (Syria) | C5: 6823
A6: 4 | B6: Unidentified Armed Group (Syria) | C6: 4823
A7: 5 | B7: HTS: Hayat Tahrir al Sham | C7: 3052 | D7: HTS: Hayat Tahrir al-Sham
A8: 6 | B8: Military Forces of Turkey (2016-) | C8: 1276 | D8: Turkey
A9: 7 | B9: Free Syrian Army | C9: 1244 | D9: Free Syrian Army
A10: 8 | B10: Global Coalition Against Daesh | C10: 1232
A11: 9 | B11: Military Forces of Russia (2000-) | C11: 1125 | D11: Russia
A12: 10 | B12: Operation Peace Spring | C12: 860 | D12: Turkey
A13: 11 | B13: AAS: Ahrar al Sham | C13: 682 | D13: Ahrar al-Sham
A14: 12 | B14: QDW: National Defence Forces | C14: 577 | D14: Military Forces of Syria
A15: 13 | B15: Turkey | C15: 575 | D15: Turkey
A16: 14 | B16: Al Fath Al Mubeen Operation Room | C16: 574 | D16: HTS: Hayat Tahrir al-Sham
A17: 15 | B17: Tribal and Clan Forces | C17: 546
A18: 16 | B18: Hezbollah | C18: 529 | D18: Hezbollah
A19: 17 | B19: FaR: Al Rahman Corps | C19: 507 | D19: Faylaq al-Rahman
A20: 18 | B20: Former Opposition Rebels (Syria) | C20: 427
A21: 19 | B21: Jaysh al Islam | C21: 388 | D21: Jaysh al-Islam
A22: 20 | B22: Militia (Pro-Iran) | C22: 371 | D22: Iran
A23: 21 | B23: Khalid ibn al Walid Army | C23: 343 | D23: Khalid ibn al Walid Army
A24: 22 | B24: JTW: National Liberation Front | C24: 328 | D24: Free Syrian Army
A25: 23 | B25: National Police Forces | C25: 234 | D25: Military Forces of Syria
A26: 24 | B26: Military Forces of the United States (2017-2021) | C26: 226 | D26: USA
A27: 25 | B27: HNDZ: Nour al Din al Zinki Movement | C27: 211 | D27: Harakat Nour al-Din al-Zenki
A28: 26 | B28: Military Forces of the United States (2017-2021) Special Forces | C28: 209 | D28: USA
A29: 27 | B29: Military Operations Command | C29: 207
A30: 28 | B30: The Levantine Front | C30: 201 | D30: The Levantine Front
A31: 29 | B31: Al Qaeda | C31: 196 | D31: Al Qaeda
A32: 30 | B32: Al Sham Corps | C32: 185 | D32: HTS: Hayat Tahrir al-Sham
A33: 31 | B33: Iran | C33: 185 | D33: Iran
A34: 32 | B34: Suquor al Sham | C34: 166 | D34: Ahrar al-Sham
A35: 33 | B35: Military Forces of Iran (1989-) Islamic Revolutionary Guard Corps | C35: 165 | D35: Iran
A36: 34 | B36: HXP: Self-Defence Forces | C36: 157 | D36: Syrian Democratic Forces
A37: 35 | B37: The Southern Front | C37: 156 | D37: The Southern Front
A38: 36 | B38: Ahrar al Sharqiyah | C38: 152 | D38: Free Syrian Army
A39: 37 | B39: MDA: Deir-ez-Zor Military Council | C39: 149 | D39: Syrian Democratic Forces
A40: 38 | B40: Jabhat Fateh al Sham | C40: 119
A41: 39 | B41: Police Forces of Syria (2000-2024) | C41: 116 | D41: Military Forces of Syria
A42: 40 | B42: Police Forces of Syria (2000-2024) State Security | C42: 105 | D42: Military Forces of Syria
A43: 41 | B43: Military Forces of the United Kingdom (2010-2024) | C43: 94 | D43: UK
A44: 42 | B44: Jaysh al Nasr | C44: 92
A45: 43 | B45: Hamza Brigade | C45: 87 | D45: Free Syrian Army
A46: 44 | B46: Smugglers (Syria) | C46: 84
A47: 45 | B47: Former Operation Euphrates Shield | C47: 84
A48: 46 | B48: Hurras al Deen | C48: 83 | D48: Al Qaeda
A49: 47 | B49: JTS: Syria Liberation Front | C49: 82 | D49: JTS: Syria Liberation Front
A50: 48 | B50: Ahmad al Abdo Forces | C50: 79 | D50: The Southern Front
A51: 49 | B51: Islamist Rebels (Syria) | C51: 75
A52: 50 | B52: YPG: Peoples Protection Units - Anti-Terror Unit | C52: 63 | D52: Peoples Protection Units
A53: 51 | B53: Liberation Army of Afrin | C53: 61 | D53: Syrian Democratic Forces
A54: 52 | B54: Qaterji Militia | C54: 59
A55: 53 | B55: Jaysh al Ahrar | C55: 58 | D55: HTS: Hayat Tahrir al-Sham
A56: 54 | B56: Ansar al Tawhid | C56: 53
A57: 55 | B57: Al Mu'tasim Brigade | C57: 47 | D57: Free Syrian Army
A58: 56 | B58: Militia (Refugees/IDPs) | C58: 47
A59: 57 | B59: Unidentified Military Forces | C59: 46
A60: 58 | B60: Tal Tamer Military Council | C60: 46
A61: 59 | B61: Former Operation Olive Branch | C61: 45
A62: 60 | B62: Syrian Elite Forces | C62: 42 | D62: Military Forces of Syria
A63: 61 | B63: Sharqiya Army | C63: 40 | D63: Free Syrian Army
A64: 62 | B64: Jaysh al Thani | C64: 39
A65: 63 | B65: Al Bab Military Council | C65: 39 | D65: Syrian Democratic Forces
A66: 64 | B66: Southern Operations Room | C66: 36 | D66: The Southern Front
A67: 65 | B67: Wa Harredh al Moa'mineen Operation Room | C67: 36
A68: 66 | B68: QSD: Syrian Democratic Forces - Intelligence | C68: 36 | D68: Syrian Democratic Forces
A69: 67 | B69: Dar'a Popular Resistance | C69: 34 | D69: Free Syrian Army
A70: 68 | B70: Military Forces of the United States (2021-2025) | C70: 32 | D70: USA
A71: 69 | B71: Former Islamic State in Iraq and the Levant (ISIL) | C71: 31 | D71: The Islamic State
A72: 70 | B72: Liwa al Baqir | C72: 30
A73: 71 | B73: Police Forces of Turkey (2016-) National Intelligence Organization | C73: 30 | D73: Turkey
A74: 72 | B74: Military Forces of Iran (1989-) | C74: 28 | D74: Iran
A75: 73 | B75: Police Forces of Syria (2000-2024) Political Intelligence | C75: 27 | D75: Military Forces of Syria
A76: 74 | B76: Al Wosta Division | C76: 25
A77: 75 | B77: Northern Hawks Brigade | C77: 25
A78: 76 | B78: Banyan al Marsus | C78: 24
A79: 77 | B79: Syrian Liberation Front | C79: 24 | D79: JTS: Syria Liberation Front
A80: 78 | B80: Military Forces of France (2017-) | C80: 24
A81: 79 | B81: Police Forces of Syria (2024-) | C81: 23 | D81: Military Forces of Syria
A82: 80 | B82: LAS: Northern Storm Brigade | C82: 23 | D82: The Levantine Front
A83: 81 | B83: Military Forces of Israel (2022-) | C83: 23 | D83: Israel
A84: 82 | B84: Lions of the East | C84: 23 | D84: Free Syrian Army
A85: 83 | B85: Police Forces of Syria (2000-2024) General Intelligence Directorate | C85: 22 | D85: Military Forces of Syria
A86: 84 | B86: Jaysh al Nukhba | C86: 22 | D86: The Levantine Front
A87: 85 | B87: Military Forces of Lebanon (2016-2019) | C87: 22
A88: 86 | B88: Liwa al Aqsa | C88: 22 | D88: Al Qaeda
A89: 87 | B89: Hajin Military Council | C89: 21 | D89: Syrian Democratic Forces
A90: 88 | B90: Union of the Forces of Jabal al Sheikh | C90: 21
A91: 89 | B91: 20th Division | C91: 20
A92: 90 | B92: Mujahideen Army | C92: 18 | D92: Mujahideen Army
A93: 91 | B93: Free Syrian Police | C93: 18
A94: 92 | B94: Harakat Hezbollah Al Nujaba | C94: 17
A95: 93 | B95: Al Shahba Assembly | C95: 17
A96: 94 | B96: Military Forces of Turkey (2016-) Gendarmerie | C96: 17 | D96: Turkey
A97: 95 | B97: Ajnad al Sham Islamic Union | C97: 16
A98: 96 | B98: Quneitra Hawks | C98: 16
A99: 97 | B99: Military Forces of Jordan (1999-) | C99: 16
A100: 98 | B100: Liwa Fajr al Umma | C100: 15
...

Sheet Merging2
A1: Actor | B1: Count | C1: Umbrella
A2: Military Forces of Syria | B2: 28270 | C2: Military Forces of Syria
A3: Syrian Democratic Forces | B3: 8331 | C3: Syrian Democratic Forces
A4: Islamic State | B4: 7712 | C4: The Islamic State
A5: Opposition Rebels (Syria) | B5: 6735 | C5: x
A6: Unidentified Armed Group (Syria) | B6: 4676 | C6: x
A7: HTS: Hayat Tahrir al Sham | B7: 3018 | C7: HTS: Hayat Tahrir al-Sham
A8: Global Coalition Against Daesh | B8: 1205 | C8: x
A9: Free Syrian Army | B9: 1201 | C9: Free Syrian Army
A10: Military Forces of Turkey (2016-) | B10: 1176 | C10: Turkey
A11: Military Forces of Russia (2000-) | B11: 1097 | C11: Russia
A12: Operation Peace Spring | B12: 831 | C12: Turkey
A13: AAS: Ahrar al Sham | B13: 679 | C13: Ahrar al-Sham
... A83: Hajin Military Council | B83: 20 | C83: Syrian Democratic Forces
A84: 20th Division | B84: 19
A85: Free Syrian Police | B85: 18
A86: Al Shahba Assembly | B86: 17
A87: Military Forces of Turkey (2016-) Gendarmerie | B87: 17 | C87: Turkey
A88: Ajnad al Sham Islamic Union | B88: 16
A89: Quneitra Hawks | B89: 16 | C89: x
A90: Harakat Hezbollah Al Nujaba | B90: 16 | C90: x
A91: Northern Hawks Brigade | B91: 15 | C91: x
A92: Liwa Fajr al Umma | B92: 15 | C92: x
A93: Shuhada Badr | B93: 15
A94: Military Forces of Jordan (1999-) | B94: 15 | C94: x
A95: Liwa al Baqir | B95: 15 | C95: x
A96: Islamist Militia (International) | B96: 14 | C96: x
A97: QSF: Qalamoon Shield Forces | B97: 14
A98: Syriac Military Council (Syria) | B98: 14
A99: Abu Bakr as-Siddiq Army | B99: 14 | C99: x
A100: Ajnad al Sham | B100: 13
A101: Private Security Forces (Syria) | B101: 13
A102: YPG: Peoples Protection Units - Hezen Komandoz | B102: 12
A103: Syriac Security Office (Syria) | B103: 12 | C103: Military Forces of Syria
A104: Military Forces of Iran (1989-) Quds Force | B104: 12 | C104: Iran
A105: Military Forces of Iraq (2020-2022) Popular Mobilization Forces | B105: 12 | C105: Popular Mobilization Forces
A106: Sheikh al-Karama | B106: 12 | C106: x
A107: Former Mutaaz Billah Army | B107: 11
A108: Military Forces of Iraq (2014-2018) Popular Mobilization Forces | B108: 11 | C108: Popular Mobilization Forces
A109: Ahrar Jabal al Sheikh | B109: 11
A110: 50th Division | B110: 11
A111: Omar Ibn Al-Khattab Army | B111: 11 | C111: x
A112: Othman Bin Affan Brigade | B112: 10 | C112: x
A113: Al Akrad Front | B113: 10 | C113: Kurdish Front
A114: Harakat Tahrir Wal Bina'e | B114: 10
A115: Liwa Sham al Rasul | B115: 10
A116: JaS: Al Sanadid Forces (Syria) | B116: 10 | C116: Jaysh al-Sanadeed
A117: Fathbatou Operation Room | B117: 10
A118: PKK: Kurdistan Workers Party | B118: 9
A119: Ansar Abu Bakr al Saddiq Brigade | B119: 9
A120: Former Free Syrian Army | B120: 9 | C120: Free Syrian Army
A121: Military Forces of the United States (2009-2017) | B121: 8 | C121: USA
A122: Islamic State (Iraq) | B122: 8
A123: FUS: Lions of Sunnah Division | B123: 8
A124: Thuwar al Sham Battalion | B124: 8
A125: JaA: Tribes Army | B125: 8
A126: Ansar al Islam | B126: 8
A127: Rijal al Karama | B127: 8
A128: Thae'roun Movement | B128: 8
A129: QSD: Syrian Democratic Forces Military Police | B129: 7
A130: Abna al Sham (Hama) | B130: 7
A131: Assyrian Military Council (Syria) | B131: 7
A132: YPG: Peoples Protection Units - Special Task Forces | B132: 7 | C132: Peoples Protection Units
A133: Mutiny of Islamic State (Syria) | B133: 7
A134: Shuhada al Qaryatayn Brigade | B134: 7
A135: Military Forces of Iraq (2014-2018) | B135: 7 | C135: Iraq
A136: Former Khalid ibn al Walid Army (Syria) | B136: 7
A137: LAFA: Abu Al Fadhal al Abbas Brigade | B137: 6
A138: JTR: Front of Raqqa Revolutionaries | B138: 6
A139: Islamic Resistance in Iraq | B139: 6 | C139: x
A140: Syrian Free Army | B140: 6 | C140: Free Syrian Army
A141: Sham Liberation Army | B141: 6 | C141: x
A142: Sultan Mohammad Al Fateh Division (Syria) | B142: 6
A143: Aknaf Bait al Maqdis | B143: 6 | C143: Aknaf Bait al-Maqdis
A144: Muawya Ben Abi Sufyan Brigade (Syria) | B144: 5
A145: MFS: Syriac Military Council | B145: 5
A146: JFS: Al Nusra Front (Muhammad Brigade) | B146: 5
A147: Al Khattab Brigade | B147: 5
A148: Military Forces of Russia (2000-) Military Police | B148: 5 | C148: Russia
A149: Former AAS: Ahrar al Sham | B149: 5
A150: Ras al Sufuf Operations Room | B150: 5 | C150: x
A151: Mutiny of QSD: Syrian Democratic Forces | B151: 5
A152: Falcons of al-Ghab | B152: 5
A153: Jaysh al Shaab | B153: 5
A154: Former QSD: Syrian Democratic Forces | B154: 5
A155: Sham al-Islam | B155: 5
A156: Kataib Hezbollah (Iraq) | B156: 5 | C156: x
A157: Northern Democratic Forces | B157: 5
A158: Sultan Malek Shah Brigade | B158: 5
A159: Military Forces of Iraq (2018-2020) | B159: 5
A160: Mahjeh Communal Militia | B160: 4
A161: Al Fahed Forces (Syria) | B161: 4
A162: Liwa al Fatah | B162: 4
A163: Al Shamal Brigade | B163: 4
A164: Jund Allah | B164: 4
A165: Quwwat al Fajr | B165: 4
A166: Liwa al Hurriyah al Islami | B166: 4
A167: Al Ghab Brigade | B167: 4
A168: Azim Operation Room | B168: 4
A169: Zainabiyoun Brigade | B169: 4 | C169: x
...

Sheet Merging2_backup
A1: Actor | B1: Counts | C1: Matching | D1: Umbrella
A2: Military Forces of Syria | B2: 29028 | C2: =_xlfn.XLOOKUP(A2,Merging2!A:A,Merging2!C:C," ",) -> Military Forces of Syria | D2: =IF(C2<>0,C2,"") -> Military Forces of Syria
A3: Syrian Democratic Forces | B3: 8988 | C3: =_xlfn.XLOOKUP(A3,Merging2!A:A,Merging2!C:C," ",) -> Syrian Democratic Forces | D3: =IF(C3<>0,C3,"") -> Syrian Democratic Forces
A4: Islamic State in Iraq and the Levant (ISIL) | B4: 7934 | C4: The Islamic State | D4: =IF(C4<>0,C4,"") -> The Islamic State
A5: Opposition Rebels (Syria) | B5: 6823 | C5: =_xlfn.XLOOKUP(A5,Merging2!A:A,Merging2!C:C," ",) -> x | D5: =IF(C5<>0,C5,"") -> x
A6: Unidentified Armed Group (Syria) | B6: 4823 | C6: =_xlfn.XLOOKUP(A6,Merging2!A:A,Merging2!C:C," ",) -> x | D6: =IF(C6<>0,C6,"") -> x
A7: HTS: Hayat Tahrir al Sham | B7: 3052 | C7: =_xlfn.XLOOKUP(A7,Merging2!A:A,Merging2!C:C," ",) -> HTS: Hayat Tahrir al-Sham | D7: =IF(C7<>0,C7,"") -> HTS: Hayat Tahrir al-Sham
A8: Military Forces of Turkey (2016-) | B8: 1276 | C8: =_xlfn.XLOOKUP(A8,Merging2!A:A,Merging2!C:C," ",) -> Turkey | D8: =IF(C8<>0,C8,"") -> Turkey
A9: Free Syrian Army | B9: 1244 | C9: =_xlfn.XLOOKUP(A9,Merging2!A:A,Merging2!C:C," ",) -> Free Syrian Army | D9: =IF(C9<>0,C9,"") -> Free Syrian Army
A10: Global Coalition Against Daesh | B10: 1232 | C10: =_xlfn.XLOOKUP(A10,Merging2!A:A,Merging2!C:C," ",) -> x | D10: =IF(C10<>0,C10,"") -> x
A11: Military Forces of Russia (2000-) | B11: 1125 | C11: =_xlfn.XLOOKUP(A11,Merging2!A:A,Merging2!C:C," ",) -> Russia | D11: =IF(C11<>0,C11,"") -> Russia
A12: Operation Peace Spring | B12: 860 | C12: =_xlfn.XLOOKUP(A12,Merging2!A:A,Merging2!C:C," ",) -> Turkey | D12: =IF(C12<>0,C12,"") -> Turkey
A13: AAS: Ahrar al Sham | B13: 682 | C13: =_xlfn.XLOOKUP(A13,Merging2!A:A,Merging2!C:C," ",) -> Ahrar al-Sham | D13: =IF(C13<>0,C13,"") -> Ahrar al-Sham
A14: QDW: National Defence Forces | B14: 577 | C14: =_xlfn.XLOOKUP(A14,Merging2!A:A,Merging2!C:C," ",) -> Military Forces of Syria | D14: =IF(C14<>0,C14,"") -> Military Forces of Syria
A15: Turkey | B15: 575 | C15: =_xlfn.XLOOKUP(A15,Merging2!A:A,Merging2!C:C," ",) -> Turkey | D15: =IF(C15<>0,C15,"") -> Turkey
A16: Al Fath Al Mubeen Operation Room | B16: 574 | C16: =_xlfn.XLOOKUP(A16,Merging2!A:A,Merging2!C:C," ",) -> HTS: Hayat Tahrir al-Sham | D16: =IF(C16<>0,C16,"") -> HTS: Hayat Tahrir al-Sham
... A28: Military Forces of the United States (2017-2021) Special Forces | B28: 209 | C28: =_xlfn.XLOOKUP(A28,Merging2!A:A,Merging2!C:C," ",) -> USA | D28: =IF(C28<>0,C28,"") -> USA
A29: Military Operations Command | B29: 207 | C29: x | D29: =IF(C29<>0,C29,"") -> x
A30: The Levantine Front | B30: 201 | C30: =_xlfn.XLOOKUP(A30,Merging2!A:A,Merging2!C:C," ",) -> The Levantine Front | D30: =IF(C30<>0,C30,"") -> The Levantine Front
A31: Al Qaeda | B31: 196 | C31: =_xlfn.XLOOKUP(A31,Merging2!A:A,Merging2!C:C," ",) -> Al Qaeda | D31: =IF(C31<>0,C31,"") -> Al Qaeda
A32: Al Sham Corps | B32: 185 | C32: =_xlfn.XLOOKUP(A32,Merging2!A:A,Merging2!C:C," ",) -> HTS: Hayat Tahrir al-Sham | D32: =IF(C32<>0,C32,"") -> HTS: Hayat Tahrir al-Sham
A33: Iran | B33: 185 | C33: =_xlfn.XLOOKUP(A33,Merging2!A:A,Merging2!C:C," ",) -> Iran | D33: =IF(C33<>0,C33,"") -> Iran
A34: Suquor al Sham | B34: 166 | C34: =_xlfn.XLOOKUP(A34,Merging2!A:A,Merging2!C:C," ",) -> Ahrar al-Sham | D34: =IF(C34<>0,C34,"") -> Ahrar al-Sham
A35: Military Forces of Iran (1989-) Islamic Revolutionary Guard Corps | B35: 165 | C35: =_xlfn.XLOOKUP(A35,Merging2!A:A,Merging2!C:C," ",) -> Iran | D35: =IF(C35<>0,C35,"") -> Iran
A36: HXP: Self-Defence Forces | B36: 157 | C36: =_xlfn.XLOOKUP(A36,Merging2!A:A,Merging2!C:C," ",) -> Syrian Democratic Forces | D36: =IF(C36<>0,C36,"") -> Syrian Democratic Forces
A37: The Southern Front | B37: 156 | C37: =_xlfn.XLOOKUP(A37,Merging2!A:A,Merging2!C:C," ",) -> The Southern Front | D37: =IF(C37<>0,C37,"") -> The Southern Front
A38: Ahrar al Sharqiyah | B38: 152 | C38: =_xlfn.XLOOKUP(A38,Merging2!A:A,Merging2!C:C," ",) -> Free Syrian Army | D38: =IF(C38<>0,C38,"") -> Free Syrian Army
A39: MDA: Deir-ez-Zor Military Council | B39: 149 | C39: =_xlfn.XLOOKUP(A39,Merging2!A:A,Merging2!C:C," ",) -> Syrian Democratic Forces | D39: =IF(C39<>0,C39,"") -> Syrian Democratic Forces
A40: Jabhat Fateh al Sham | B40: 119 | C40: =_xlfn.XLOOKUP(A40,Merging2!A:A,Merging2!C:C," ",) -> x | D40: =IF(C40<>0,C40,"") -> x
A41: Police Forces of Syria (2000-2024) | B41: 116 | C41: Military Forces of Syria | D41: =IF(C41<>0,C41,"") -> Military Forces of Syria
A42: Police Forces of Syria (2000-2024) State Security | B42: 105 | C42: Military Forces of Syria | D42: =IF(C42<>0,C42,"") -> Military Forces of Syria
A43: Military Forces of the United Kingdom (2010-2024) | B43: 94 | C43: UK | D43: =IF(C43<>0,C43,"") -> UK
A44: Jaysh al Nasr | B44: 92 | C44: =_xlfn.XLOOKUP(A44,Merging2!A:A,Merging2!C:C," ",) -> x | D44: =IF(C44<>0,C44,"") -> x
A45: Hamza Brigade | B45: 87 | C45: =_xlfn.XLOOKUP(A45,Merging2!A:A,Merging2!C:C," ",) -> Free Syrian Army | D45: =IF(C45<>0,C45,"") -> Free Syrian Army
A46: Smugglers (Syria) | B46: 84 | C46: =_xlfn.XLOOKUP(A46,Merging2!A:A,Merging2!C:C," ",) -> x | D46: =IF(C46<>0,C46,"") -> x
A47: Former Operation Euphrates Shield | B47: 84 | C47: =_xlfn.XLOOKUP(A47,Merging2!A:A,Merging2!C:C," ",) -> x | D47: =IF(C47<>0,C47,"") -> x
A48: Hurras al Deen | B48: 83 | C48: =_xlfn.XLOOKUP(A48,Merging2!A:A,Merging2!C:C," ",) -> Al Qaeda | D48: =IF(C48<>0,C48,"") -> Al Qaeda
A49: JTS: Syria Liberation Front | B49: 82 | C49: =_xlfn.XLOOKUP(A49,Merging2!A:A,Merging2!C:C," ",) -> JTS: Syria Liberation Front | D49: =IF(C49<>0,C49,"") -> JTS: Syria Liberation Front
A50: Ahmad al Abdo Forces | B50: 79 | C50: =_xlfn.XLOOKUP(A50,Merging2!A:A,Merging2!C:C," ",) -> The Southern Front | D50: =IF(C50<>0,C50,"") -> The Southern Front
A51: Islamist Rebels (Syria) | B51: 75 | C51: =_xlfn.XLOOKUP(A51,Merging2!A:A,Merging2!C:C," ",) -> x | D51: =IF(C51<>0,C51,"") -> x
A52: YPG: Peoples Protection Units - Anti-Terror Unit | B52: 63 | C52: =_xlfn.XLOOKUP(A52,Merging2!A:A,Merging2!C:C," ",) -> Peoples Protection Units | D52: =IF(C52<>0,C52,"") -> Peoples Protection Units
A53: Liberation Army of Afrin | B53: 61 | C53: =_xlfn.XLOOKUP(A53,Merging2!A:A,Merging2!C:C," ",) -> Syrian Democratic Forces | D53: =IF(C53<>0,C53,"") -> Syrian Democratic Forces
A54: Qaterji Militia | B54: 59 | C54: =_xlfn.XLOOKUP(A54,Merging2!A:A,Merging2!C:C," ",) -> x | D54: =IF(C54<>0,C54,"") -> x
A55: Jaysh al Ahrar | B55: 58 | C55: =_xlfn.XLOOKUP(A55,Merging2!A:A,Merging2!C:C," ",) -> HTS: Hayat Tahrir al-Sham | D55: =IF(C55<>0,C55,"") -> HTS: Hayat Tahrir al-Sham
... A65: Al Bab Military Council | B65: 39 | C65: =_xlfn.XLOOKUP(A65,Merging2!A:A,Merging2!C:C," ",) -> Syrian Democratic Forces | D65: =IF(C65<>0,C65,"") -> Syrian Democratic Forces
A66: Southern Operations Room | B66: 36 | C66: The Southern Front | D66: =IF(C66<>0,C66,"") -> The Southern Front
A67: Wa Harredh al Moa'mineen Operation Room | B67: 36 | C67: =_xlfn.XLOOKUP(A67,Merging2!A:A,Merging2!C:C," ",) -> x | D67: =IF(C67<>0,C67,"") -> x
A68: QSD: Syrian Democratic Forces - Intelligence | B68: 36 | C68: =_xlfn.XLOOKUP(A68,Merging2!A:A,Merging2!C:C," ",) -> Syrian Democratic Forces | D68: =IF(C68<>0,C68,"") -> Syrian Democratic Forces
A69: Dar'a Popular Resistance | B69: 34 | C69: =_xlfn.XLOOKUP(A69,Merging2!A:A,Merging2!C:C," ",) -> Free Syrian Army | D69: =IF(C69<>0,C69,"") -> Free Syrian Army
A70: Military Forces of the United States (2021-2025) | B70: 32 | C70: USA | D70: =IF(C70<>0,C70,"") -> USA
A71: Former Islamic State in Iraq and the Levant (ISIL) | B71: 31 | C71: The Islamic State | D71: =IF(C71<>0,C71,"") -> The Islamic State
A72: Liwa al Baqir | B72: 30 | C72: =_xlfn.XLOOKUP(A72,Merging2!A:A,Merging2!C:C," ",) -> x | D72: =IF(C72<>0,C72,"") -> x
A73: Police Forces of Turkey (2016-) National Intelligence Organization | B73: 30 | C73: =_xlfn.XLOOKUP(A73,Merging2!A:A,Merging2!C:C," ",) -> Turkey | D73: =IF(C73<>0,C73,"") -> Turkey
A74: Military Forces of Iran (1989-) | B74: 28 | C74: =_xlfn.XLOOKUP(A74,Merging2!A:A,Merging2!C:C," ",) -> Iran | D74: =IF(C74<>0,C74,"") -> Iran
A75: Police Forces of Syria (2000-2024) Political Intelligence | B75: 27 | C75: Military Forces of Syria | D75: =IF(C75<>0,C75,"") -> Military Forces of Syria
A76: Al Wosta Division | B76: 25 | C76: =_xlfn.XLOOKUP(A76,Merging2!A:A,Merging2!C:C," ",) -> x | D76: =IF(C76<>0,C76,"") -> x
A77: Northern Hawks Brigade | B77: 25 | C77: =_xlfn.XLOOKUP(A77,Merging2!A:A,Merging2!C:C," ",) -> x | D77: =IF(C77<>0,C77,"") -> x
A78: Banyan al Marsus | B78: 24 | C78: =_xlfn.XLOOKUP(A78,Merging2!A:A,Merging2!C:C," ",) -> x | D78: =IF(C78<>0,C78,"") -> x
A79: Syrian Liberation Front | B79: 24 | C79: =_xlfn.XLOOKUP(A79,Merging2!A:A,Merging2!C:C," ",) -> x | D79: =IF(C79<>0,C79,"") -> x
A80: Military Forces of France (2017-) | B80: 24 | C80: =_xlfn.XLOOKUP(A80,Merging2!A:A,Merging2!C:C," ",) -> x | D80: =IF(C80<>0,C80,"") -> x
A81: Police Forces of Syria (2024-) | B81: 23 | C81: Military Forces of Syria | D81: =IF(C81<>0,C81,"") -> Military Forces of Syria
A82: LAS: Northern Storm Brigade | B82: 23 | C82: =_xlfn.XLOOKUP(A82,Merging2!A:A,Merging2!C:C," ",0) -> The Levantine Front | D82: =IF(C82<>0,C82,"") -> The Levantine Front
A83: Military Forces of Israel (2022-) | B83: 23 | C83: =_xlfn.XLOOKUP(A83,Merging2!A:A,Merging2!C:C," ",) -> Israel | D83: =IF(C83<>0,C83,"") -> Israel
A84: Lions of the East | B84: 23 | C84: =_xlfn.XLOOKUP(A84,Merging2!A:A,Merging2!C:C," ",) -> Free Syrian Army | D84: =IF(C84<>0,C84,"") -> Free Syrian Army
A85: Police Forces of Syria (2000-2024) General Intelligence Directorate | B85: 22 | C85: Military Forces of Syria | D85: =IF(C85<>0,C85,"") -> Military Forces of Syria
A86: Jaysh al Nukhba | B86: 22 | C86: =_xlfn.XLOOKUP(A86,Merging2!A:A,Merging2!C:C," ",) -> The Levantine Front | D86: =IF(C86<>0,C86,"") -> The Levantine Front
A87: Military Forces of Lebanon (2016-2019) | B87: 22 | C87: =_xlfn.XLOOKUP(A87,Merging2!A:A,Merging2!C:C," ",) -> x | D87: =IF(C87<>0,C87,"") -> x
A88: Liwa al Aqsa | B88: 22 | C88: =_xlfn.XLOOKUP(A88,Merging2!A:A,Merging2!C:C," ",) -> Al Qaeda | D88: =IF(C88<>0,C88,"") -> Al Qaeda
A89: Hajin Military Council | B89: 21 | C89: =_xlfn.XLOOKUP(A89,Merging2!A:A,Merging2!C:C," ",) -> Syrian Democratic Forces | D89: =IF(C89<>0,C89,"") -> Syrian Democratic Forces
A90: Union of the Forces of Jabal al Sheikh | B90: 21 | C90: =_xlfn.XLOOKUP(A90,Merging2!A:A,Merging2!C:C," ",) -> x | D90: =IF(C90<>0,C90,"") -> x
A91: 20th Division | B91: 20 | C91: =_xlfn.XLOOKUP(A91,Merging2!A:A,Merging2!C:C," ",) -> 0 | D91: =IF(C91<>0,C91,"")
A92: Mujahideen Army | B92: 18 | C92: Mujahideen Army | D92: =IF(C92<>0,C92,"") -> Mujahideen Army
A93: Free Syrian Police | B93: 18 | C93: =_xlfn.XLOOKUP(A93,Merging2!A:A,Merging2!C:C," ",) -> 0 | D93: =IF(C93<>0,C93,"")
A94: Harakat Hezbollah Al Nujaba | B94: 17 | C94: =_xlfn.XLOOKUP(A94,Merging2!A:A,Merging2!C:C," ",) -> x | D94: =IF(C94<>0,C94,"") -> x
A95: Al Shahba Assembly | B95: 17 | C95: =_xlfn.XLOOKUP(A95,Merging2!A:A,Merging2!C:C," ",) -> 0 | D95: =IF(C95<>0,C95,"")
A96: Military Forces of Turkey (2016-) Gendarmerie | B96: 17 | C96: =_xlfn.XLOOKUP(A96,Merging2!A:A,Merging2!C:C," ",) -> Turkey | D96: =IF(C96<>0,C96,"") -> Turkey
A97: Ajnad al Sham Islamic Union | B97: 16 | C97: =_xlfn.XLOOKUP(A97,Merging2!A:A,Merging2!C:C," ",) -> 0 | D97: =IF(C97<>0,C97,"")
A98: Quneitra Hawks | B98: 16 | C98: =_xlfn.XLOOKUP(A98,Merging2!A:A,Merging2!C:C," ",) -> x | D98: =IF(C98<>0,C98,"") -> x
A99: Military Forces of Jordan (1999-) | B99: 16 | C99: =_xlfn.XLOOKUP(A99,Merging2!A:A,Merging2!C:C," ",) -> x | D99: =IF(C99<>0,C99,"") -> x
A100: Liwa Fajr al Umma | B100: 15 | C100: =_xlfn.XLOOKUP(A100,Merging2!A:A,Merging2!C:C," ",) -> x | D100: =IF(C100<>0,C100,"") -> x
A101: Shuhada Badr | B101: 15 | C101: =_xlfn.XLOOKUP(A101,Merging2!A:A,Merging2!C:C," ",) -> 0 | D101: =IF(C101<>0,C101,"")
A102: Private Security Forces (Syria) | B102: 14 | C102: =_xlfn.XLOOKUP(A102,Merging2!A:A,Merging2!C:C," ",) -> 0 | D102: =IF(C102<>0,C102,"")
A103: Abu Bakr as-Siddiq Army | B103: 14 | C103: =_xlfn.XLOOKUP(A103,Merging2!A:A,Merging2!C:C," ",) -> x | D103: =IF(C103<>0,C103,"") -> x
A104: QSF: Qalamoon Shield Forces | B104: 14 | C104: =_xlfn.XLOOKUP(A104,Merging2!A:A,Merging2!C:C," ",) -> 0 | D104: =IF(C104<>0,C104,"")
... A141: Assyrian Military Council (Syria) | B141: 7 | C141: =_xlfn.XLOOKUP(A141,Merging2!A:A,Merging2!C:C," ",) -> 0 | D141: =IF(C141<>0,C141,"")
A142: QSD: Syrian Democratic Forces Military Police | B142: 7 | C142: =_xlfn.XLOOKUP(A142,Merging2!A:A,Merging2!C:C," ",) -> 0 | D142: Syrian Democratic Forces
A143: Shuhada al Qaryatayn Brigade | B143: 7 | C143: =_xlfn.XLOOKUP(A143,Merging2!A:A,Merging2!C:C," ",) -> 0 | D143: =IF(C143<>0,C143,"")
A144: YPG: Peoples Protection Units - Special Task Forces | B144: 7 | C144: =_xlfn.XLOOKUP(A144,Merging2!A:A,Merging2!C:C," ",) -> Peoples Protection Units | D144: =IF(C144<>0,C144,"") -> Peoples Protection Units
A145: Mutiny of Islamic State in Iraq and the Levant (ISIL) | B145: 7 | C145: =_xlfn.XLOOKUP(A145,Merging2!A:A,Merging2!C:C," ",) | D145: The Islamic State
A146: Sultan Malek Shah Brigade | B146: 6 | C146: =_xlfn.XLOOKUP(A146,Merging2!A:A,Merging2!C:C," ",) -> 0 | D146: =IF(C146<>0,C146,"")
A147: JTR: Front of Raqqa Revolutionaries | B147: 6 | C147: =_xlfn.XLOOKUP(A147,Merging2!A:A,Merging2!C:C," ",) -> 0 | D147: =IF(C147<>0,C147,"")
A148: Mahjeh Communal Militia | B148: 6 | C148: =_xlfn.XLOOKUP(A148,Merging2!A:A,Merging2!C:C," ",) -> 0 | D148: =IF(C148<>0,C148,"")
A149: Syrian Free Army | B149: 6 | C149: =_xlfn.XLOOKUP(A149,Merging2!A:A,Merging2!C:C," ",) -> Free Syrian Army | D149: =IF(C149<>0,C149,"") -> Free Syrian Army
A150: Aknaf Bait al Maqdis | B150: 6 | C150: =_xlfn.XLOOKUP(A150,Merging2!A:A,Merging2!C:C," ",) -> Aknaf Bait al-Maqdis | D150: =IF(C150<>0,C150,"") -> Aknaf Bait al-Maqdis
A151: LAFA: Abu Al Fadhal al Abbas Brigade | B151: 6 | C151: =_xlfn.XLOOKUP(A151,Merging2!A:A,Merging2!C:C," ",) -> 0 | D151: =IF(C151<>0,C151,"")
A152: Military Forces of Israel (2009-2021) | B152: 6 | C152: =_xlfn.XLOOKUP(A152,Merging2!A:A,Merging2!C:C," ",) -> Israel | D152: =IF(C152<>0,C152,"") -> Israel
A153: Sham Liberation Army | B153: 6 | C153: =_xlfn.XLOOKUP(A153,Merging2!A:A,Merging2!C:C," ",) -> x | D153: =IF(C153<>0,C153,"") -> x
A154: Sa'ad Ibn Abi Waqqas Brigade (Syria) | B154: 6 | C154: =_xlfn.XLOOKUP(A154,Merging2!A:A,Merging2!C:C," ",) -> 0 | D154: =IF(C154<>0,C154,"")
A155: JFS: Al Nusra Front (Muhammad Brigade) | B155: 5 | C155: =_xlfn.XLOOKUP(A155,Merging2!A:A,Merging2!C:C," ",) -> 0 | D155: =IF(C155<>0,C155,"")
A156: Mutiny of QSD: Syrian Democratic Forces | B156: 5 | C156: =_xlfn.XLOOKUP(A156,Merging2!A:A,Merging2!C:C," ",) -> 0 | D156: Syrian Democratic Forces
...
