Workbook

Sheet Colouring
C3: dropping
C4: renaming
C5: external source needed
C6: new group
C7: keeping/ merging
C8: keeping/ merging, but less sure

Sheet MAIN_merging
A1: Name | B1: Total_fights | C1: Active years | D1: Min_year | E1: Max_year | F1: Action | G1: Umbrella | H1: Reasoning | I1: Column1 | J1: Column2
A2: 16th Division | B2: =_xlfn.XLOOKUP(A2,original_data!B:B,original_data!C:C,0,) -> 1 | C2: =_xlfn.XLOOKUP($A2,original_data!$B:$B,original_data!D:D,"x",0) -> 1 | D2: =_xlfn.XLOOKUP($A2,original_data!$B:$B,original_data!E:E,"x",0) -> 2014 | E2: =_xlfn.XLOOKUP($A2,original_data!$B:$B,original_data!F:F,"x",0) -> 2014 | F2: merge | G2: Free Syrian Army | H2: faction based on exteranal sources | I2: https://en.wikipedia.org/wiki/23rd_Division_(Syrian_rebel_group)
A3: Forces of the Caucasus Emirate | B3: =_xlfn.XLOOKUP(A3,original_data!B:B,original_data!C:C,0,) -> 1 | C3: =_xlfn.XLOOKUP($A3,original_data!$B:$B,original_data!D:D,"x",0) -> 1 | D3: =_xlfn.XLOOKUP($A3,original_data!$B:$B,original_data!E:E,"x",0) -> 2015 | E3: =_xlfn.XLOOKUP($A3,original_data!$B:$B,original_data!F:F,"x",0) -> 2015 | F3: drop | G3: x | H3: too small | I3: https://en.wikipedia.org/wiki/Caucasus_Emirate
A4: Government of Jordan | B4: =_xlfn.XLOOKUP(A4,original_data!B:B,original_data!C:C,0,) -> 1 | C4: =_xlfn.XLOOKUP($A4,original_data!$B:$B,original_data!D:D,"x",0) -> 1 | D4: =_xlfn.XLOOKUP($A4,original_data!$B:$B,original_data!E:E,"x",0) -> 2016 | E4: =_xlfn.XLOOKUP($A4,original_data!$B:$B,original_data!F:F,"x",0) -> 2016 | F4: drop | G4: x | H4: too small
A5: Government of Russia (Soviet Union) | B5: =_xlfn.XLOOKUP(A5,original_data!B:B,original_data!C:C,0,) -> 1 | C5: =_xlfn.XLOOKUP($A5,original_data!$B:$B,original_data!D:D,"x",0) -> 1 | D5: =_xlfn.XLOOKUP($A5,original_data!$B:$B,original_data!E:E,"x",0) -> 2015 | E5: =_xlfn.XLOOKUP($A5,original_data!$B:$B,original_data!F:F,"x",0) -> 2015 | F5: external | G5: Russia | H5: too small
A6: Opponents of al-Assad | B6: =_xlfn.XLOOKUP(A6,original_data!B:B,original_data!C:C,0,) -> 1 | C6: =_xlfn.XLOOKUP($A6,original_data!$B:$B,original_data!D:D,"x",0) -> 1 | D6: =_xlfn.XLOOKUP($A6,original_data!$B:$B,original_data!E:E,"x",0) -> 2011 | E6: =_xlfn.XLOOKUP($A6,original_data!$B:$B,original_data!F:F,"x",0) -> 2011 | F6: drop | G6: x | H6: too small
A7: Supporters of al-Assad | B7: =_xlfn.XLOOKUP(A7,original_data!B:B,original_data!C:C,0,) -> 1 | C7: =_xlfn.XLOOKUP($A7,original_data!$B:$B,original_data!D:D,"x",0) -> 1 | D7: =_xlfn.XLOOKUP($A7,original_data!$B:$B,original_data!E:E,"x",0) -> 2011 | E7: =_xlfn.XLOOKUP($A7,original_data!$B:$B,original_data!F:F,"x",0) -> 2011 | F7: drop | G7: x | H7: too small
A8: Tajamu Shuhada al-Sharqiya | B8: =_xlfn.XLOOKUP(A8,original_data!B:B,original_data!C:C,0,) -> 1 | C8: =_xlfn.XLOOKUP($A8,original_data!$B:$B,original_data!D:D,"x",0) -> 1 | D8: =_xlfn.XLOOKUP($A8,original_data!$B:$B,original_data!E:E,"x",0) -> 2018 | E8: =_xlfn.XLOOKUP($A8,original_data!$B:$B,original_data!F:F,"x",0) -> 2018 | F8: drop | G8: x | H8: too little information
A9: Omar al-Mukhtar Battalion | B9: =_xlfn.XLOOKUP(A9,original_data!B:B,original_data!C:C,0,) -> 2 | C9: =_xlfn.XLOOKUP($A9,original_data!$B:$B,original_data!D:D,"x",0) -> 1 | D9: =_xlfn.XLOOKUP($A9,original_data!$B:$B,original_data!E:E,"x",0) -> 2014 | E9: =_xlfn.XLOOKUP($A9,original_data!$B:$B,original_data!F:F,"x",0) -> 2014 | F9: merge | G9: Free Syrian Army | H9: faction based on exteranal sources | I9: They suggested that Moflihi had joined the Omar al-Mukhtar Battalion, one of the literally hundreds of rebel groups that have ties to the Free Syrian Army. | J9: https://www.npr.org/sections/parallels/2014/08/28/343805340/brooklyn-man-fights-in-syria-officials-unsure-of-the-threat
A10: PIJ | B10: =_xlfn.XLOOKUP(A10,original_data!B:B,original_data!C:C,0,) -> 2 | C10: =_xlfn.XLOOKUP($A10,original_data!$B:$B,original_data!D:D,"x",0) -> 2 | D10: =_xlfn.XLOOKUP($A10,original_data!$B:$B,original_data!E:E,"x",0) -> 2019 | E10: =_xlfn.XLOOKUP($A10,original_data!$B:$B,original_data!F:F,"x",0) -> 2020 | F10: drop | G10: x | H10: independent; operates mainly in Turkye
A11: PKK | B11: =_xlfn.XLOOKUP(A11,original_data!B:B,original_data!C:C,0,) -> 2 | C11: =_xlfn.XLOOKUP($A11,original_data!$B:$B,original_data!D:D,"x",0) -> 2 | D11: =_xlfn.XLOOKUP($A11,original_data!$B:$B,original_data!E:E,"x",0) -> 2017 | E11: =_xlfn.XLOOKUP($A11,original_data!$B:$B,original_data!F:F,"x",0) -> 2021 | F11: drop | G11: x | H11: independent; operates mainly in Isreal
A12: fdd | B12: =_xlfn.XLOOKUP(A12,original_data!B:B,original_data!C:C,0,) -> 0 | C12: =_xlfn.XLOOKUP($A12,original_data!$B:$B,original_data!D:D,"x",0) -> x | D12: =_xlfn.XLOOKUP($A12,original_data!$B:$B,original_data!E:E,"x",0) -> x | E12: =_xlfn.XLOOKUP($A12,original_data!$B:$B,original_data!F:F,"x",0) -> x | F12: merge | G12: Free Syrian Army | H12: faction based on exteranal sources | I12: https://www.counterextremism.com/armed-opposition-groups-nw-syria/ahrar-al-sharqiyah
A13: Hamza Asadullah Brigade | B13: =_xlfn.XLOOKUP(A13,original_data!B:B,original_data!C:C,0,) -> 4 | C13: =_xlfn.XLOOKUP($A13,original_data!$B:$B,original_data!D:D,"x",0) -> 1 | D13: =_xlfn.XLOOKUP($A13,original_data!$B:$B,original_data!E:E,"x",0) -> 2013 | E13: =_xlfn.XLOOKUP($A13,original_data!$B:$B,original_data!F:F,"x",0) -> 2013 | F13: drop | G13: x | H13: too small | I13: no
A14: al-Moutasem Brigade | B14: =_xlfn.XLOOKUP(A14,original_data!B:B,original_data!C:C,0,) -> 4 | C14: =_xlfn.XLOOKUP($A14,original_data!$B:$B,original_data!D:D,"x",0) -> 1 | D14: =_xlfn.XLOOKUP($A14,original_data!$B:$B,original_data!E:E,"x",0) -> 2020 | E14: =_xlfn.XLOOKUP($A14,original_data!$B:$B,original_data!F:F,"x",0) -> 2020 | F14: merge | G14: Free Syrian Army | H14: faction based on exteranal sources | I14: https://en.wikipedia.org/wiki/Mu%27tasim_Division
A15: Jaysh al-Asha’er | B15: =_xlfn.XLOOKUP(A15,original_data!B:B,original_data!C:C,0,) -> 5 | C15: =_xlfn.XLOOKUP($A15,original_data!$B:$B,original_data!D:D,"x",0) -> 1 | D15: =_xlfn.XLOOKUP($A15,original_data!$B:$B,original_data!E:E,"x",0) -> 2017 | E15: =_xlfn.XLOOKUP($A15,original_data!$B:$B,original_data!F:F,"x",0) -> 2017 | F15: merge | G15: Free Syrian Army | H15: faction based on exteranal sources | I15: https://en.wikipedia.org/wiki/Army_of_Free_Tribes
A16: Salahadin Brigade | B16: =_xlfn.XLOOKUP(A16,original_data!B:B,original_data!C:C,0,) -> 5 | C16: =_xlfn.XLOOKUP($A16,original_data!$B:$B,original_data!D:D,"x",0) -> 1 | D16: =_xlfn.XLOOKUP($A16,original_data!$B:$B,original_data!E:E,"x",0) -> 2012 | E16: =_xlfn.XLOOKUP($A16,original_data!$B:$B,original_data!F:F,"x",0) -> 2012 | F16: merge | G16: Free Syrian Army | H16: faction based on exteranal sources | I16: https://en.wikipedia.org/wiki/Saladin_Ayubi_Brigade
A17: Hamza Division | B17: =_xlfn.XLOOKUP(A17,original_data!B:B,original_data!C:C,0,) -> 6 | C17: =_xlfn.XLOOKUP($A17,original_data!$B:$B,original_data!D:D,"x",0) -> 2 | D17: =_xlfn.XLOOKUP($A17,original_data!$B:$B,original_data!E:E,"x",0) -> 2017 | E17: =_xlfn.XLOOKUP($A17,original_data!$B:$B,original_data!F:F,"x",0) -> 2020 | F17: merge | G17: Free Syrian Army | H17: SNA Encyclopedia | I17: https://en.wikipedia.org/wiki/Hamza_Division_(Aleppo)
A18: Hezbollah | B18: =_xlfn.XLOOKUP(A18,original_data!B:B,original_data!C:C,0,) -> 7 | C18: =_xlfn.XLOOKUP($A18,original_data!$B:$B,original_data!D:D,"x",0) -> 5 | D18: =_xlfn.XLOOKUP($A18,original_data!$B:$B,original_data!E:E,"x",0) -> 2014 | E18: =_xlfn.XLOOKUP($A18,original_data!$B:$B,original_data!F:F,"x",0) -> 2020 | F18: external | G18: Hezbollah | H18: too small
A19: Tanzim Hurras ad-Din | B19: =_xlfn.XLOOKUP(A19,original_data!B:B,original_data!C:C,0,) -> 7 | C19: =_xlfn.XLOOKUP($A19,original_data!$B:$B,original_data!D:D,"x",0) -> 3 | D19: =_xlfn.XLOOKUP($A19,original_data!$B:$B,original_data!E:E,"x",0) -> 2018 | E19: =_xlfn.XLOOKUP($A19,original_data!$B:$B,original_data!F:F,"x",0) -> 2021 | F19: merge | G19: Al Qaeda | H19: faction based on exteranal sources | I19: https://en.wikipedia.org/wiki/Hurras_al-Din
A20: Furqan Brigades | B20: =_xlfn.XLOOKUP(A20,original_data!B:B,original_data!C:C,0,) -> 8 | C20: =_xlfn.XLOOKUP($A20,original_data!$B:$B,original_data!D:D,"x",0) -> 1 | D20: =_xlfn.XLOOKUP($A20,original_data!$B:$B,original_data!E:E,"x",0) -> 2015 | E20: =_xlfn.XLOOKUP($A20,original_data!$B:$B,original_data!F:F,"x",0) -> 2015 | F20: merge | G20: Free Syrian Army | H20: affiliated with Free Syrian War | I20: https://en.wikipedia.org/wiki/Free_Syrian_Army
A21: Jaysh al-Jihad (Saraya al- Jihad) | B21: =_xlfn.XLOOKUP(A21,original_data!B:B,original_data!C:C,0,) -> 8 | C21: =_xlfn.XLOOKUP($A21,original_data!$B:$B,original_data!D:D,"x",0) -> 1 | D21: =_xlfn.XLOOKUP($A21,original_data!$B:$B,original_data!E:E,"x",0) -> 2015 | E21: =_xlfn.XLOOKUP($A21,original_data!$B:$B,original_data!F:F,"x",0) -> 2015 | F21: merge | G21: The Islamic State | H21: allgedly affiliated | I21: https://military-history.fandom.com/wiki/Jaysh_al-Jihad
A22: Yarmouk Army | B22: =_xlfn.XLOOKUP(A22,original_data!B:B,original_data!C:C,0,) -> 8 | C22: =_xlfn.XLOOKUP($A22,original_data!$B:$B,original_data!D:D,"x",0) -> 1 | D22: =_xlfn.XLOOKUP($A22,original_data!$B:$B,original_data!E:E,"x",0) -> 2015 | E22: =_xlfn.XLOOKUP($A22,original_data!$B:$B,original_data!F:F,"x",0) -> 2015 | F22: merge | G22: The Southern Front | H22: faction based on exteranal sources | I22: https://en.wikipedia.org/wiki/Southern_Front_(Syrian_rebel_group)
A23: Ahrar Ghurayan | B23: =_xlfn.XLOOKUP(A23,original_data!B:B,original_data!C:C,0,) -> 9 | C23: =_xlfn.XLOOKUP($A23,original_data!$B:$B,original_data!D:D,"x",0) -> 1 | D23: =_xlfn.XLOOKUP($A23,original_data!$B:$B,original_data!E:E,"x",0) -> 2014 | E23: =_xlfn.XLOOKUP($A23,original_data!$B:$B,original_data!F:F,"x",0) -> 2014 | F23: drop | G23: x | H23: too small; not enough information to merge
A24: Eastern Ghouta Unified Military Command | B24: =_xlfn.XLOOKUP(A24,original_data!B:B,original_data!C:C,0,) -> 9 | C24: =_xlfn.XLOOKUP($A24,original_data!$B:$B,original_data!D:D,"x",0) -> 1 | D24: =_xlfn.XLOOKUP($A24,original_data!$B:$B,original_data!E:E,"x",0) -> 2015 | E24: =_xlfn.XLOOKUP($A24,original_data!$B:$B,original_data!F:F,"x",0) -> 2015 | F24: drop | G24: x | H24: too small
A25: NSA | B25: =_xlfn.XLOOKUP(A25,original_data!B:B,original_data!C:C,0,) -> 9 | C25: =_xlfn.XLOOKUP($A25,original_data!$B:$B,original_data!D:D,"x",0) -> 2 | D25: =_xlfn.XLOOKUP($A25,original_data!$B:$B,original_data!E:E,"x",0) -> 2016 | E25: =_xlfn.XLOOKUP($A25,original_data!$B:$B,original_data!F:F,"x",0) -> 2017 | F25: merge | G25: Free Syrian Army | H25: called Jaysh Suriyah al-Jadid; faction based on external sources | I25: https://en.wikipedia.org/wiki/Revolutionary_Commando_Army
A26: Government of United States of America | B26: =_xlfn.XLOOKUP(A26,original_data!B:B,original_data!C:C,0,) -> 17 | C26: =_xlfn.XLOOKUP($A26,original_data!$B:$B,original_data!D:D,"x",0) -> 3 | D26: =_xlfn.XLOOKUP($A26,original_data!$B:$B,original_data!E:E,"x",0) -> 2014 | E26: =_xlfn.XLOOKUP($A26,original_data!$B:$B,original_data!F:F,"x",0) -> 2017 | F26: external | G26: USA | H26: foreign country
A27: Jaysh al Fatah Idlib | B27: =_xlfn.XLOOKUP(A27,original_data!B:B,original_data!C:C,0,) -> 17 | C27: =_xlfn.XLOOKUP($A27,original_data!$B:$B,original_data!D:D,"x",0) -> 2 | D27: =_xlfn.XLOOKUP($A27,original_data!$B:$B,original_data!E:E,"x",0) -> 2015 | E27: =_xlfn.XLOOKUP($A27,original_data!$B:$B,original_data!F:F,"x",0) -> 2016 | F27: keep | G27: Jaysh al-Fatah
A28: al-Qaida | B28: =_xlfn.XLOOKUP(A28,original_data!B:B,original_data!C:C,0,) -> 17 | C28: =_xlfn.XLOOKUP($A28,original_data!$B:$B,original_data!D:D,"x",0) -> 3 | D28: =_xlfn.XLOOKUP($A28,original_data!$B:$B,original_data!E:E,"x",0) -> 2014 | E28: =_xlfn.XLOOKUP($A28,original_data!$B:$B,original_data!F:F,"x",0) -> 2017 | F28: keep | G28: Al Qaeda | H28: Stanford
A29: Tahrir al- Sham Army | B29: =_xlfn.XLOOKUP(A29,original_data!B:B,original_data!C:C,0,) -> 18 | C29: =_xlfn.XLOOKUP($A29,original_data!$B:$B,original_data!D:D,"x",0) -> 2 | D29: =_xlfn.XLOOKUP($A29,original_data!$B:$B,original_data!E:E,"x",0) -> 2015 | E29: =_xlfn.XLOOKUP($A29,original_data!$B:$B,original_data!F:F,"x",0) -> 2016 | F29: keep | G29: HTS: Hayat Tahrir al-Sham | H29: Stanford
A30: FSA | B30: =_xlfn.XLOOKUP(A30,original_data!B:B,original_data!C:C,0,) -> 19 | C30: =_xlfn.XLOOKUP($A30,original_data!$B:$B,original_data!D:D,"x",0) -> 1 | D30: =_xlfn.XLOOKUP($A30,original_data!$B:$B,original_data!E:E,"x",0) -> 2017 | E30: =_xlfn.XLOOKUP($A30,original_data!$B:$B,original_data!F:F,"x",0) -> 2017 | F30: keep | G30: Free Syrian Army | H30: Stanford
A31: Jazeera-Euphrates Liberation Front | B31: =_xlfn.XLOOKUP(A31,original_data!B:B,original_data!C:C,0,) -> 20 | C31: =_xlfn.XLOOKUP($A31,original_data!$B:$B,original_data!D:D,"x",0) -> 1 | D31: =_xlfn.XLOOKUP($A31,original_data!$B:$B,original_data!E:E,"x",0) -> 2013 | E31: =_xlfn.XLOOKUP($A31,original_data!$B:$B,original_data!F:F,"x",0) -> 2013 | F31: drop | G31: x | H31: too independent
A32: al-Farouq Brigades | B32: =_xlfn.XLOOKUP(A32,original_data!B:B,original_data!C:C,0,) -> 20 | C32: =_xlfn.XLOOKUP($A32,original_data!$B:$B,original_data!D:D,"x",0) -> 1 | D32: =_xlfn.XLOOKUP($A32,original_data!$B:$B,original_data!E:E,"x",0) -> 2013 | E32: =_xlfn.XLOOKUP($A32,original_data!$B:$B,original_data!F:F,"x",0) -> 2013 | F32: merge | G32: Free Syrian Army | H32: faction based on exteranal sources
A33: Deir ez Zor Military Council | B33: =_xlfn.XLOOKUP(A33,original_data!B:B,original_data!C:C,0,) -> 21 | C33: =_xlfn.XLOOKUP($A33,original_data!$B:$B,original_data!D:D,"x",0) -> 1 | D33: =_xlfn.XLOOKUP($A33,original_data!$B:$B,original_data!E:E,"x",0) -> 2023 | E33: =_xlfn.XLOOKUP($A33,original_data!$B:$B,original_data!F:F,"x",0) -> 2023 | F33: merge | G33: Syrian Democratic Forces | H33: faction based on exteranal sources | I33: https://en.wikipedia.org/wiki/Deir_ez-Zor_Military_Council
A34: Ghuraba al-Sham | B34: =_xlfn.XLOOKUP(A34,original_data!B:B,original_data!C:C,0,) -> 27 | C34: =_xlfn.XLOOKUP($A34,original_data!$B:$B,original_data!D:D,"x",0) -> 2 | D34: =_xlfn.XLOOKUP($A34,original_data!$B:$B,original_data!E:E,"x",0) -> 2012 | E34: =_xlfn.XLOOKUP($A34,original_data!$B:$B,original_data!F:F,"x",0) -> 2013 | F34: merge | G34: Free Syrian Army | H34: faction based on exteranal sources | I34: https://en.wikipedia.org/wiki/Jabhat_Ghuraba_al-Sham
A35: Liwa al-Jihad fi Sabeel Allah | B35: =_xlfn.XLOOKUP(A35,original_data!B:B,original_data!C:C,0,) -> 33 | C35: =_xlfn.XLOOKUP($A35,original_data!$B:$B,original_data!D:D,"x",0) -> 1 | D35: =_xlfn.XLOOKUP($A35,original_data!$B:$B,original_data!E:E,"x",0) -> 2014 | E35: =_xlfn.XLOOKUP($A35,original_data!$B:$B,original_data!F:F,"x",0) -> 2014 | F35: merge | G35: Syrian Democratic Forces | H35: faction based on exteranal sources | I35: https://en.wikipedia.org/wiki/Jaysh_al-Salam
A36: Harkat Hazm | B36: =_xlfn.XLOOKUP(A36,original_data!B:B,original_data!C:C,0,) -> 40 | C36: =_xlfn.XLOOKUP($A36,original_data!$B:$B,original_data!D:D,"x",0) -> 2 | D36: =_xlfn.XLOOKUP($A36,original_data!$B:$B,original_data!E:E,"x",0) -> 2014 | E36: =_xlfn.XLOOKUP($A36,original_data!$B:$B,original_data!F:F,"x",0) -> 2015 | F36: keep | G36: Free Syrian Army | H36: affiliated with Free Syrian War | I36: affiliated
A37: Liwa al-Aqsa | B37: =_xlfn.XLOOKUP(A37,original_data!B:B,original_data!C:C,0,) -> 40 | C37: =_xlfn.XLOOKUP($A37,original_data!$B:$B,original_data!D:D,"x",0) -> 3 | D37: =_xlfn.XLOOKUP($A37,original_data!$B:$B,original_data!E:E,"x",0) -> 2014 | E37: =_xlfn.XLOOKUP($A37,original_data!$B:$B,original_data!F:F,"x",0) -> 2017 | F37: merge | G37: Al Qaeda | H37: affiliated | I37: https://en.wikipedia.org/wiki/Jund_al-Aqsa
A38: Ahfad al Rasoul Brigade | B38: =_xlfn.XLOOKUP(A38,original_data!B:B,original_data!C:C,0,) -> 42 | C38: =_xlfn.XLOOKUP($A38,original_data!$B:$B,original_data!D:D,"x",0) -> 1 | D38: =_xlfn.XLOOKUP($A38,original_data!$B:$B,original_data!E:E,"x",0) -> 2013 | E38: =_xlfn.XLOOKUP($A38,original_data!$B:$B,original_data!F:F,"x",0) -> 2013 | F38: drop | G38: x | H38: too independent | I38: independent, supported by Qatar
A39: Northern Storm Brigade | B39: =_xlfn.XLOOKUP(A39,original_data!B:B,original_data!C:C,0,) -> 42 | C39: =_xlfn.XLOOKUP($A39,original_data!$B:$B,original_data!D:D,"x",0) -> 2 | D39: =_xlfn.XLOOKUP($A39,original_data!$B:$B,original_data!E:E,"x",0) -> 2013 | E39: =_xlfn.XLOOKUP($A39,original_data!$B:$B,original_data!F:F,"x",0) -> 2014 | F39: merge | G39: Free Syrian Army | H39: faction based on exteranal sources | I39: https://en.wikipedia.org/wiki/Northern_Storm_Brigade
A40: Sons of Yarmouk Movement | B40: =_xlfn.XLOOKUP(A40,original_data!B:B,original_data!C:C,0,) -> 43 | C40: =_xlfn.XLOOKUP($A40,original_data!$B:$B,original_data!D:D,"x",0) -> 2 | D40: =_xlfn.XLOOKUP($A40,original_data!$B:$B,original_data!E:E,"x",0) -> 2016 | E40: =_xlfn.XLOOKUP($A40,original_data!$B:$B,original_data!F:F,"x",0) -> 2017 | F40: drop | G40: x | H40: seems to be mainly Palestinian military group
A41: Islamic Kurdish Front | B41: =_xlfn.XLOOKUP(A41,original_data!B:B,original_data!C:C,0,) -> 45 | C41: =_xlfn.XLOOKUP($A41,original_data!$B:$B,original_data!D:D,"x",0) -> 1 | D41: =_xlfn.XLOOKUP($A41,original_data!$B:$B,original_data!E:E,"x",0) -> 2013 | E41: =_xlfn.XLOOKUP($A41,original_data!$B:$B,original_data!F:F,"x",0) -> 2013 | F41: keep | G41: Kurdish Islamic Front | H41: Stanford
A42: Eastern Qalamoun Operations Room | B42: =_xlfn.XLOOKUP(A42,original_data!B:B,original_data!C:C,0,) -> 48 | C42: =_xlfn.XLOOKUP($A42,original_data!$B:$B,original_data!D:D,"x",0) -> 2 | D42: =_xlfn.XLOOKUP($A42,original_data!$B:$B,original_data!E:E,"x",0) -> 2014 | E42: =_xlfn.XLOOKUP($A42,original_data!$B:$B,original_data!F:F,"x",0) -> 2015 | F42: merge | G42: Military Forces of Syria | H42: kinda Hezbollah as well
A43: Suqour al-Sham | B43: =_xlfn.XLOOKUP(A43,original_data!B:B,original_data!C:C,0,) -> 57 | C43: =_xlfn.XLOOKUP($A43,original_data!$B:$B,original_data!D:D,"x",0) -> 1 | D43: =_xlfn.XLOOKUP($A43,original_data!$B:$B,original_data!E:E,"x",0) -> 2018 | E43: =_xlfn.XLOOKUP($A43,original_data!$B:$B,original_data!F:F,"x",0) -> 2018 | F43: keep | G43: Suqour al-Sham | H43: Stanford
A44: Mare’ Operations Room | B44: =_xlfn.XLOOKUP(A44,original_data!B:B,original_data!C:C,0,) -> 59 | C44: =_xlfn.XLOOKUP($A44,original_data!$B:$B,original_data!D:D,"x",0) -> 3 | D44: =_xlfn.XLOOKUP($A44,original_data!$B:$B,original_data!E:E,"x",0) -> 2014 | E44: =_xlfn.XLOOKUP($A44,original_data!$B:$B,original_data!F:F,"x",0) -> 2016 | F44: rename | G44: Sham Legion, Free Syrian Army, The Levantine Front | I44: https://historica.fandom.com/wiki/Mare%27_Operations_Room
A45: Baz al-Islamiya | B45: =_xlfn.XLOOKUP(A45,original_data!B:B,original_data!C:C,0,) -> 76 | C45: =_xlfn.XLOOKUP($A45,original_data!$B:$B,original_data!D:D,"x",0) -> 1 | D45: =_xlfn.XLOOKUP($A45,original_data!$B:$B,original_data!E:E,"x",0) -> 2014 | E45: =_xlfn.XLOOKUP($A45,original_data!$B:$B,original_data!F:F,"x",0) -> 2014 | F45: drop | G45: x | H45: too little information | I45: also called Falcons of Islam Brigade | J45: https://eaworldview.com/2013/06/syria-today-the-war-on-the-economy/
A46: Majd al-Sham | B46: =_xlfn.XLOOKUP(A46,original_data!B:B,original_data!C:C,0,) -> 76 | C46: =_xlfn.XLOOKUP($A46,original_data!$B:$B,original_data!D:D,"x",0) -> 1 | D46: =_xlfn.XLOOKUP($A46,original_data!$B:$B,original_data!E:E,"x",0) -> 2014 | E46: =_xlfn.XLOOKUP($A46,original_data!$B:$B,original_data!F:F,"x",0) -> 2014 | F46: drop | G46: x | H46: too little information | I46: also called Glories of the Levant Brigade
A47: Liwa al-Sultan Murad | B47: =_xlfn.XLOOKUP(A47,original_data!B:B,original_data!C:C,0,) -> 78 | C47: =_xlfn.XLOOKUP($A47,original_data!$B:$B,original_data!D:D,"x",0) -> 2 | D47: =_xlfn.XLOOKUP($A47,original_data!$B:$B,original_data!E:E,"x",0) -> 2014 | E47: =_xlfn.XLOOKUP($A47,original_data!$B:$B,original_data!F:F,"x",0) -> 2017 | F47: merge | G47: Free Syrian Army | H47: SNA Encyclopedia | I47: https://en.wikipedia.org/wiki/Sultan_Murad_Division
A48: Euphrates Islamic Liberation Front | B48: =_xlfn.XLOOKUP(A48,original_data!B:B,original_data!C:C,0,) -> 89 | C48: =_xlfn.XLOOKUP($A48,original_data!$B:$B,original_data!D:D,"x",0) -> 1 | D48: =_xlfn.XLOOKUP($A48,original_data!$B:$B,original_data!E:E,"x",0) -> 2014 | E48: =_xlfn.XLOOKUP($A48,original_data!$B:$B,original_data!F:F,"x",0) -> 2014 | F48: merge | G48: Free Syrian Army | H48: faction based on exteranal sources | I48: https://www.aljazeera.net/news/2014/2/4/%d8%aa%d8%ad%d8%b1%d9%8a%d8%b1-%d8%a7%d9%84%d9%81%d8%b1%d8%a7%d8%aa-%d8%ac%d8%a8%d9%87%d8%a9-%d8%a5%d8%b3%d9%84%d8%a7%d9%85%d9%8a%d8%a9-%d8%ac%d8%af%d9%8a%d8%af%d8%a9-%d8%aa%d9%88%d8%a7%d8%ac%d9%87
A49: Sham al-Rasul Brigade | B49: =_xlfn.XLOOKUP(A49,original_data!B:B,original_data!C:C,0,) -> 97 | C49: =_xlfn.XLOOKUP($A49,original_data!$B:$B,original_data!D:D,"x",0) -> 3 | D49: =_xlfn.XLOOKUP($A49,original_data!$B:$B,original_data!E:E,"x",0) -> 2015 | E49: =_xlfn.XLOOKUP($A49,original_data!$B:$B,original_data!F:F,"x",0) -> 2018 | F49: merge | G49: Free Syrian Army | H49: faction based on exteranal sources | I49: https://syriadirect.org/is-in-yarmouk-camp-after-entering-through-nusra-checkpoints/
A50: Khabour Guards | B50: =_xlfn.XLOOKUP(A50,original_data!B:B,original_data!C:C,0,) -> 110 | C50: =_xlfn.XLOOKUP($A50,original_data!$B:$B,original_data!D:D,"x",0) -> 1 | D50: =_xlfn.XLOOKUP($A50,original_data!$B:$B,original_data!E:E,"x",0) -> 2015 | E50: =_xlfn.XLOOKUP($A50,original_data!$B:$B,original_data!F:F,"x",0) -> 2015 | F50: merge | G50: Syrian Democratic Forces | H50: faction based on exteranal sources | I50: https://en.wikipedia.org/wiki/Khabur_Guards
A51: Jaysh Usud al-Sharqiya | B51: =_xlfn.XLOOKUP(A51,original_data!B:B,original_data!C:C,0,) -> 119 | C51: =_xlfn.XLOOKUP($A51,original_data!$B:$B,original_data!D:D,"x",0) -> 3 | D51: =_xlfn.XLOOKUP($A51,original_data!$B:$B,original_data!E:E,"x",0) -> 2015 | E51: =_xlfn.XLOOKUP($A51,original_data!$B:$B,original_data!F:F,"x",0) -> 2017 | F51: merge | G51: The Southern Front | H51: part of the Southern Front until April 2018 | I51: https://en.wikipedia.org/wiki/Southern_Front_(Syrian_rebel_group)
A52: Martyr Lieutenant Ahmed Abdou Brigades | B52: =_xlfn.XLOOKUP(A52,original_data!B:B,original_data!C:C,0,) -> 119 | C52: =_xlfn.XLOOKUP($A52,original_data!$B:$B,original_data!D:D,"x",0) -> 3 | D52: =_xlfn.XLOOKUP($A52,original_data!$B:$B,original_data!E:E,"x",0) -> 2015 | E52: =_xlfn.XLOOKUP($A52,original_data!$B:$B,original_data!F:F,"x",0) -> 2017 | F52: merge | G52: The Southern Front | H52: part of the Southern Front until April 2018 | I52: https://en.wikipedia.org/wiki/Forces_of_Martyr_Ahmad_al-Abdo
A53: al-Tawhid Brigade | B53: =_xlfn.XLOOKUP(A53,original_data!B:B,original_data!C:C,0,) -> 125 | C53: =_xlfn.XLOOKUP($A53,original_data!$B:$B,original_data!D:D,"x",0) -> 1 | D53: =_xlfn.XLOOKUP($A53,original_data!$B:$B,original_data!E:E,"x",0) -> 2013 | E53: =_xlfn.XLOOKUP($A53,original_data!$B:$B,original_data!F:F,"x",0) -> 2013 | F53: keep | G53: Liwa al-Tawhid | H53: Stanford | I53: https://en.wikipedia.org/wiki/Free_Syrian_Army#Armed_groups_with_the_Free_Syrian_Army
A54: Army of Ahl al-Sunni wal Jamaa | B54: =_xlfn.XLOOKUP(A54,original_data!B:B,original_data!C:C,0,) -> 0 | C54: =_xlfn.XLOOKUP($A54,original_data!$B:$B,original_data!D:D,"x",0) -> x | D54: =_xlfn.XLOOKUP($A54,original_data!$B:$B,original_data!E:E,"x",0) -> x | E54: =_xlfn.XLOOKUP($A54,original_data!$B:$B,original_data!F:F,"x",0) -> x | F54: new group, merge | G54: Mujahideen Shura Council | H54: new group | I54: https://en.wikipedia.org/wiki/Mujahideen_Shura_Council_(Syria)
A55: Army of al-Ikhlas | B55: =_xlfn.XLOOKUP(A55,original_data!B:B,original_data!C:C,0,) -> 136 | C55: =_xlfn.XLOOKUP($A55,original_data!$B:$B,original_data!D:D,"x",0) -> 1 | D55: =_xlfn.XLOOKUP($A55,original_data!$B:$B,original_data!E:E,"x",0) -> 2014 | E55: =_xlfn.XLOOKUP($A55,original_data!$B:$B,original_data!F:F,"x",0) -> 2014 | F55: new group, merge | G55: Mujahideen Shura Council | H55: new group | I55: https://en.wikipedia.org/wiki/Mujahideen_Shura_Council_(Syria)
A56: Bayareq al-Shaaitat | B56: =_xlfn.XLOOKUP(A56,original_data!B:B,original_data!C:C,0,) -> 0 | C56: =_xlfn.XLOOKUP($A56,original_data!$B:$B,original_data!D:D,"x",0) -> x | D56: =_xlfn.XLOOKUP($A56,original_data!$B:$B,original_data!E:E,"x",0) -> x | E56: =_xlfn.XLOOKUP($A56,original_data!$B:$B,original_data!F:F,"x",0) -> x | F56: new group, merge | G56: Mujahideen Shura Council | H56: new group | I56: https://en.wikipedia.org/wiki/Mujahideen_Shura_Council_(Syria)
A57: Jaish al-Muhajireen wal-Ansar | B57: =_xlfn.XLOOKUP(A57,original_data!B:B,original_data!C:C,0,) -> 136 | C57: =_xlfn.XLOOKUP($A57,original_data!$B:$B,original_data!D:D,"x",0) -> 1 | D57: =_xlfn.XLOOKUP($A57,original_data!$B:$B,original_data!E:E,"x",0) -> 2014 | E57: =_xlfn.XLOOKUP($A57,original_data!$B:$B,original_data!F:F,"x",0) -> 2014 | F57: new group | G57: Jaish al-Muhajireen wal-Ansar | I57: https://en.wikipedia.org/wiki/Liwa_al-Muhajireen_wal-Ansar
A58: al-Qa'qa Brigade | B58: =_xlfn.XLOOKUP(A58,original_data!B:B,original_data!C:C,0,) -> 136 | C58: =_xlfn.XLOOKUP($A58,original_data!$B:$B,original_data!D:D,"x",0) -> 1 | D58: =_xlfn.XLOOKUP($A58,original_data!$B:$B,original_data!E:E,"x",0) -> 2014 | E58: =_xlfn.XLOOKUP($A58,original_data!$B:$B,original_data!F:F,"x",0) -> 2014 | F58: merge | G58: Military Forces of Syria | H58: faction based on exteranal sources | I58: https://militiasdb.sowi.uni-mannheim.de/militias-public/pgag/597/evidence/ | J58: The Brigade is considered the most organized and best equipped government sanctioned militia group in Tripoli
A59: Liwa al-Qadisiya | B59: =_xlfn.XLOOKUP(A59,original_data!B:B,original_data!C:C,0,) -> 138 | C59: =_xlfn.XLOOKUP($A59,original_data!$B:$B,original_data!D:D,"x",0) -> 1 | D59: =_xlfn.XLOOKUP($A59,original_data!$B:$B,original_data!E:E,"x",0) -> 2014 | E59: =_xlfn.XLOOKUP($A59,original_data!$B:$B,original_data!F:F,"x",0) -> 2014 | F59: merge | G59: Military Forces of Syria | H59: faction based on exteranal sources | I59: https://en.wikipedia.org/wiki/Liwa_al-Quds
A60: Liwa Thuwar ar-Raqqa | B60: =_xlfn.XLOOKUP(A60,original_data!B:B,original_data!C:C,0,) -> 144 | C60: =_xlfn.XLOOKUP($A60,original_data!$B:$B,original_data!D:D,"x",0) -> 1 | D60: =_xlfn.XLOOKUP($A60,original_data!$B:$B,original_data!E:E,"x",0) -> 2014 | E60: =_xlfn.XLOOKUP($A60,original_data!$B:$B,original_data!F:F,"x",0) -> 2014 | F60: merge | G60: Free Syrian Army | I60: https://www.meforum.org/liwa-thuwar-raqqa#:~:text=Liwa%20Thuwar%20al-Raqqa%20(the%20Raqqa%20Revolutionaries%20Brigade)%20was
A61: Government of Iran | B61: =_xlfn.XLOOKUP(A61,original_data!B:B,original_data!C:C,0,) -> 146 | C61: =_xlfn.XLOOKUP($A61,original_data!$B:$B,original_data!D:D,"x",0) -> 7 | D61: =_xlfn.XLOOKUP($A61,original_data!$B:$B,original_data!E:E,"x",0) -> 2017 | E61: =_xlfn.XLOOKUP($A61,original_data!$B:$B,original_data!F:F,"x",0) -> 2023 | F61: keep | G61: Iran | H61: foreign country
A62: Army of Maoata al-Islami | B62: =_xlfn.XLOOKUP(A62,original_data!B:B,original_data!C:C,0,) -> 147 | C62: =_xlfn.XLOOKUP($A62,original_data!$B:$B,original_data!D:D,"x",0) -> 1 | D62: =_xlfn.XLOOKUP($A62,original_data!$B:$B,original_data!E:E,"x",0) -> 2014 | E62: =_xlfn.XLOOKUP($A62,original_data!$B:$B,original_data!F:F,"x",0) -> 2014 | F62: new group, merge | G62: Mujahideen Shura Council
A63: Aknaf Bait al-Maqdis | B63: =_xlfn.XLOOKUP(A63,original_data!B:B,original_data!C:C,0,) -> 155 | C63: =_xlfn.XLOOKUP($A63,original_data!$B:$B,original_data!D:D,"x",0) -> 4 | D63: =_xlfn.XLOOKUP($A63,original_data!$B:$B,original_data!E:E,"x",0) -> 2015 | E63: =_xlfn.XLOOKUP($A63,original_data!$B:$B,original_data!F:F,"x",0) -> 2018 | F63: keep | G63: Aknaf Bait al-Maqdis | H63: old merging | I63: https://en.wikipedia.org/wiki/Aknaf_Bait_al-Maqdis
A64: Government of Israel | B64: =_xlfn.XLOOKUP(A64,original_data!B:B,original_data!C:C,0,) -> 155 | C64: =_xlfn.XLOOKUP($A64,original_data!$B:$B,original_data!D:D,"x",0) -> 10 | D64: =_xlfn.XLOOKUP($A64,original_data!$B:$B,original_data!E:E,"x",0) -> 2014 | E64: =_xlfn.XLOOKUP($A64,original_data!$B:$B,original_data!F:F,"x",0) -> 2023 | F64: keep | G64: Israel | H64: foreign country
A65: Government of Turkey | B65: =_xlfn.XLOOKUP(A65,original_data!B:B,original_data!C:C,0,) -> 159 | C65: =_xlfn.XLOOKUP($A65,original_data!$B:$B,original_data!D:D,"x",0) -> 4 | D65: =_xlfn.XLOOKUP($A65,original_data!$B:$B,original_data!E:E,"x",0) -> 2015 | E65: =_xlfn.XLOOKUP($A65,original_data!$B:$B,original_data!F:F,"x",0) -> 2021 | F65: keep | G65: Turkey | H65: foreign country
A66: Dawn of Freedom Brigades | B66: =_xlfn.XLOOKUP(A66,original_data!B:B,original_data!C:C,0,) -> 165 | C66: =_xlfn.XLOOKUP($A66,original_data!$B:$B,original_data!D:D,"x",0) -> 2 | D66: =_xlfn.XLOOKUP($A66,original_data!$B:$B,original_data!E:E,"x",0) -> 2013 | E66: =_xlfn.XLOOKUP($A66,original_data!$B:$B,original_data!F:F,"x",0) -> 2014 | F66: merge | G66: Free Syrian Army | H66: faction based on exteranal sources | I66: https://en.wikipedia.org/wiki/Dawn_of_Freedom_Brigades
A67: Nour al-Din Zenki | B67: =_xlfn.XLOOKUP(A67,original_data!B:B,original_data!C:C,0,) -> 172 | C67: =_xlfn.XLOOKUP($A67,original_data!$B:$B,original_data!D:D,"x",0) -> 4 | D67: =_xlfn.XLOOKUP($A67,original_data!$B:$B,original_data!E:E,"x",0) -> 2014 | E67: =_xlfn.XLOOKUP($A67,original_data!$B:$B,original_data!F:F,"x",0) -> 2018 | F67: keep | G67: Harakat Nour al-Din al-Zenki | H67: Stanford | I67: https://en.wikipedia.org/wiki/Nour_al-Din_al-Zenki_Movement#2020:_Resurgence
A68: MFS | B68: =_xlfn.XLOOKUP(A68,original_data!B:B,original_data!C:C,0,) -> 206 | C68: =_xlfn.XLOOKUP($A68,original_data!$B:$B,original_data!D:D,"x",0) -> 1 | D68: =_xlfn.XLOOKUP($A68,original_data!$B:$B,original_data!E:E,"x",0) -> 2015 | E68: =_xlfn.XLOOKUP($A68,original_data!$B:$B,original_data!F:F,"x",0) -> 2015 | F68: merge | G68: Syrian Democratic Forces | H68: faction based on exteranal sources | I68: https://en.wikipedia.org/wiki/Syriac_Military_Council
A69: National Front for Liberation | B69: =_xlfn.XLOOKUP(A69,original_data!B:B,original_data!C:C,0,) -> 208 | C69: =_xlfn.XLOOKUP($A69,original_data!$B:$B,original_data!D:D,"x",0) -> 2 | D69: =_xlfn.XLOOKUP($A69,original_data!$B:$B,original_data!E:E,"x",0) -> 2018 | E69: =_xlfn.XLOOKUP($A69,original_data!$B:$B,original_data!F:F,"x",0) -> 2019 | F69: merge | G69: Free Syrian Army | H69: faction based on exteranal sources | I69: https://en.wikipedia.org/wiki/National_Front_for_Liberation
A70: Jabhat al-Akrad | B70: =_xlfn.XLOOKUP(A70,original_data!B:B,original_data!C:C,0,) -> 227 | C70: =_xlfn.XLOOKUP($A70,original_data!$B:$B,original_data!D:D,"x",0) -> 2 | D70: =_xlfn.XLOOKUP($A70,original_data!$B:$B,original_data!E:E,"x",0) -> 2013 | E70: =_xlfn.XLOOKUP($A70,original_data!$B:$B,original_data!F:F,"x",0) -> 2014 | F70: keep | G70: Kurdish Front | I70: also known as Kurdish Front | J70: https://military-history.fandom.com/wiki/Jabhat_al-Akrad
A71: Jaysh al-Sanadid | B71: =_xlfn.XLOOKUP(A71,original_data!B:B,original_data!C:C,0,) -> 231 | C71: =_xlfn.XLOOKUP($A71,original_data!$B:$B,original_data!D:D,"x",0) -> 2 | D71: =_xlfn.XLOOKUP($A71,original_data!$B:$B,original_data!E:E,"x",0) -> 2014 | E71: =_xlfn.XLOOKUP($A71,original_data!$B:$B,original_data!F:F,"x",0) -> 2015 | F71: keep | G71: Jaysh al-Sanadeed | H71: Stanford
A72: Syrian Liberation Front | B72: =_xlfn.XLOOKUP(A72,original_data!B:B,original_data!C:C,0,) -> 262 | C72: =_xlfn.XLOOKUP($A72,original_data!$B:$B,original_data!D:D,"x",0) -> 1 | D72: =_xlfn.XLOOKUP($A72,original_data!$B:$B,original_data!E:E,"x",0) -> 2018 | E72: =_xlfn.XLOOKUP($A72,original_data!$B:$B,original_data!F:F,"x",0) -> 2018 | F72: keep | G72: JTS: Syria Liberation Front | H72: old merging
A73: Rahman Corps | B73: =_xlfn.XLOOKUP(A73,original_data!B:B,original_data!C:C,0,) -> 266 | C73: =_xlfn.XLOOKUP($A73,original_data!$B:$B,original_data!D:D,"x",0) -> 3 | D73: =_xlfn.XLOOKUP($A73,original_data!$B:$B,original_data!E:E,"x",0) -> 2015 | E73: =_xlfn.XLOOKUP($A73,original_data!$B:$B,original_data!F:F,"x",0) -> 2017 | F73: keep | G73: Faylaq al-Rahman | H73: Stanford | I73: al-Rahman Legion was a large rebel group operating in the Damascus suburbs which occasionally identifies as part of the FSA. | J73: https://en.wikipedia.org/wiki/Free_Syrian_Army
A74: Euphrates Vulcano | B74: =_xlfn.XLOOKUP(A74,original_data!B:B,original_data!C:C,0,) -> 273 | C74: =_xlfn.XLOOKUP($A74,original_data!$B:$B,original_data!D:D,"x",0) -> 2 | D74: =_xlfn.XLOOKUP($A74,original_data!$B:$B,original_data!E:E,"x",0) -> 2014 | E74: =_xlfn.XLOOKUP($A74,original_data!$B:$B,original_data!F:F,"x",0) -> 2015 | F74: rename | G74: Peoples Protection Units, Free Syrian Army, Liwa Thuwar ar-Raqqa | H74: Joined operation of People's Protection Units (YPG) and certain factions of the Free Syrian Army (FSA). | I74: https://en.wikipedia.org/wiki/Euphrates_Volcano
A75: 23rd Division | B75: =_xlfn.XLOOKUP(A75,original_data!B:B,original_data!C:C,0,) -> 284 | C75: =_xlfn.XLOOKUP($A75,original_data!$B:$B,original_data!D:D,"x",0) -> 1 | D75: =_xlfn.XLOOKUP($A75,original_data!$B:$B,original_data!E:E,"x",0) -> 2018 | E75: =_xlfn.XLOOKUP($A75,original_data!$B:$B,original_data!F:F,"x",0) -> 2018 | F75: merge | G75: Free Syrian Army | H75: affiliated with Free Syrian War | I75: https://en.wikipedia.org/wiki/23rd_Division_(Syrian_rebel_group)
A76: Jaysh al Nasr | B76: =_xlfn.XLOOKUP(A76,original_data!B:B,original_data!C:C,0,) -> 284 | C76: =_xlfn.XLOOKUP($A76,original_data!$B:$B,original_data!D:D,"x",0) -> 1 | D76: =_xlfn.XLOOKUP($A76,original_data!$B:$B,original_data!E:E,"x",0) -> 2018 | E76: =_xlfn.XLOOKUP($A76,original_data!$B:$B,original_data!F:F,"x",0) -> 2018 | F76: merge | G76: Free Syrian Army | H76: affiliated with Free Syrian War, but maybe big enough to consider to be a separate player | I76: https://military-history.fandom.com/wiki/Jaysh_al-Nasr
A77: Jaysh al-Nukhba | B77: =_xlfn.XLOOKUP(A77,original_data!B:B,original_data!C:C,0,) -> 284 | C77: =_xlfn.XLOOKUP($A77,original_data!$B:$B,original_data!D:D,"x",0) -> 1 | D77: =_xlfn.XLOOKUP($A77,original_data!$B:$B,original_data!E:E,"x",0) -> 2018 | E77: =_xlfn.XLOOKUP($A77,original_data!$B:$B,original_data!F:F,"x",0) -> 2018 | F77: keep | G77: The Levantine Front | H77: groups formed of 5 bridages, one being Levantine Front
A78: Sham Legion | B78: =_xlfn.XLOOKUP(A78,original_data!B:B,original_data!C:C,0,) -> 285 | C78: =_xlfn.XLOOKUP($A78,original_data!$B:$B,original_data!D:D,"x",0) -> 2 | D78: =_xlfn.XLOOKUP($A78,original_data!$B:$B,original_data!E:E,"x",0) -> 2016 | E78: =_xlfn.XLOOKUP($A78,original_data!$B:$B,original_data!F:F,"x",0) -> 2018 | F78: keep | G78: Sham Legion | H78: old merging
A79: Government of Iraq | B79: =_xlfn.XLOOKUP(A79,original_data!B:B,original_data!C:C,0,) -> 293 | C79: =_xlfn.XLOOKUP($A79,original_data!$B:$B,original_data!D:D,"x",0) -> 8 | D79: =_xlfn.XLOOKUP($A79,original_data!$B:$B,original_data!E:E,"x",0) -> 2013 | E79: =_xlfn.XLOOKUP($A79,original_data!$B:$B,original_data!F:F,"x",0) -> 2020 | F79: keep | G79: Iraq | H79: foreign country
A80: Fatah Halab | B80: =_xlfn.XLOOKUP(A80,original_data!B:B,original_data!C:C,0,) -> 327 | C80: =_xlfn.XLOOKUP($A80,original_data!$B:$B,original_data!D:D,"x",0) -> 2 | D80: =_xlfn.XLOOKUP($A80,original_data!$B:$B,original_data!E:E,"x",0) -> 2015 | E80: =_xlfn.XLOOKUP($A80,original_data!$B:$B,original_data!F:F,"x",0) -> 2016 | F80: rename | G80: The Levantine Front, HTS: Hayat Tahrir al-Sham, Sham Legion | I80: https://en.wikipedia.org/wiki/Fatah_Halab
A81: Authenticity and Development Front | B81: =_xlfn.XLOOKUP(A81,original_data!B:B,original_data!C:C,0,) -> 345 | C81: =_xlfn.XLOOKUP($A81,original_data!$B:$B,original_data!D:D,"x",0) -> 3 | D81: =_xlfn.XLOOKUP($A81,original_data!$B:$B,original_data!E:E,"x",0) -> 2014 | E81: =_xlfn.XLOOKUP($A81,original_data!$B:$B,original_data!F:F,"x",0) -> 2016 | F81: new group | G81: Authenticity and Development Front | I81: https://en.wikipedia.org/wiki/Authenticity_and_Development_Front
A82: Mujahideen Army | B82: =_xlfn.XLOOKUP(A82,original_data!B:B,original_data!C:C,0,) -> 432 | C82: =_xlfn.XLOOKUP($A82,original_data!$B:$B,original_data!D:D,"x",0) -> 1 | D82: =_xlfn.XLOOKUP($A82,original_data!$B:$B,original_data!E:E,"x",0) -> 2014 | E82: =_xlfn.XLOOKUP($A82,original_data!$B:$B,original_data!F:F,"x",0) -> 2014 | F82: new group | G82: Mujahideen Army | H82: independent group in the years mentioned | I82: https://en.wikipedia.org/wiki/Mujahideen_Army_(Syria)
A83: SRF | B83: =_xlfn.XLOOKUP(A83,original_data!B:B,original_data!C:C,0,) -> 446 | C83: =_xlfn.XLOOKUP($A83,original_data!$B:$B,original_data!D:D,"x",0) -> 2 | D83: =_xlfn.XLOOKUP($A83,original_data!$B:$B,original_data!E:E,"x",0) -> 2013 | E83: =_xlfn.XLOOKUP($A83,original_data!$B:$B,original_data!F:F,"x",0) -> 2014 | F83: merge | G83: The Southern Front | I83: copied from merging; Jabhat Thowar Suriya
A84: Jaysh al-Islam | B84: =_xlfn.XLOOKUP(A84,original_data!B:B,original_data!C:C,0,) -> 452 | C84: =_xlfn.XLOOKUP($A84,original_data!$B:$B,original_data!D:D,"x",0) -> 4 | D84: =_xlfn.XLOOKUP($A84,original_data!$B:$B,original_data!E:E,"x",0) -> 2015 | E84: =_xlfn.XLOOKUP($A84,original_data!$B:$B,original_data!F:F,"x",0) -> 2018 | F84: keep | G84: Jaysh al-Islam | H84: Stanford
A85: Hawar Kilis Operations Room | B85: =_xlfn.XLOOKUP(A85,original_data!B:B,original_data!C:C,0,) -> 500 | C85: =_xlfn.XLOOKUP($A85,original_data!$B:$B,original_data!D:D,"x",0) -> 2 | D85: =_xlfn.XLOOKUP($A85,original_data!$B:$B,original_data!E:E,"x",0) -> 2016 | E85: =_xlfn.XLOOKUP($A85,original_data!$B:$B,original_data!F:F,"x",0) -> 2017 | F85: merge | G85: Free Syrian Army | H85: faction/ operation based on exteranal sources | I85: https://en.wikipedia.org/wiki/Hawar_Kilis_Operations_Room
A86: Southern Front | B86: =_xlfn.XLOOKUP(A86,original_data!B:B,original_data!C:C,0,) -> 524 | C86: =_xlfn.XLOOKUP($A86,original_data!$B:$B,original_data!D:D,"x",0) -> 5 | D86: =_xlfn.XLOOKUP($A86,original_data!$B:$B,original_data!E:E,"x",0) -> 2014 | E86: =_xlfn.XLOOKUP($A86,original_data!$B:$B,original_data!F:F,"x",0) -> 2018 | F86: keep | G86: The Southern Front | H86: Stanford
A87: HTS | B87: =_xlfn.XLOOKUP(A87,original_data!B:B,original_data!C:C,0,) -> 715 | C87: =_xlfn.XLOOKUP($A87,original_data!$B:$B,original_data!D:D,"x",0) -> 6 | D87: =_xlfn.XLOOKUP($A87,original_data!$B:$B,original_data!E:E,"x",0) -> 2017 | E87: =_xlfn.XLOOKUP($A87,original_data!$B:$B,original_data!F:F,"x",0) -> 2023 | F87: keep | G87: HTS: Hayat Tahrir al-Sham | H87: Stanford
A88: Ahrar al-Sham | B88: =_xlfn.XLOOKUP(A88,original_data!B:B,original_data!C:C,0,) -> 930 | C88: =_xlfn.XLOOKUP($A88,original_data!$B:$B,original_data!D:D,"x",0) -> 5 | D88: =_xlfn.XLOOKUP($A88,original_data!$B:$B,original_data!E:E,"x",0) -> 2013 | E88: =_xlfn.XLOOKUP($A88,original_data!$B:$B,original_data!F:F,"x",0) -> 2018 | F88: keep | G88: Ahrar al-Sham | H88: Stanford
A89: PYD | B89: =_xlfn.XLOOKUP(A89,original_data!B:B,original_data!C:C,0,) -> 964 | C89: =_xlfn.XLOOKUP($A89,original_data!$B:$B,original_data!D:D,"x",0) -> 5 | D89: =_xlfn.XLOOKUP($A89,original_data!$B:$B,original_data!E:E,"x",0) -> 2011 | E89: =_xlfn.XLOOKUP($A89,original_data!$B:$B,original_data!F:F,"x",0) -> 2015 | F89: merge | G89: Peoples Protection Units | H89: Stanford | I89: This report analyses the role of the Syrian Kurdish People’s Protection Units (YPG) and the associated Democratic Union Party (PYD) during the Syrian civil war.
A90: SNA | B90: =_xlfn.XLOOKUP(A90,original_data!B:B,original_data!C:C,0,) -> 1060 | C90: =_xlfn.XLOOKUP($A90,original_data!$B:$B,original_data!D:D,"x",0) -> 6 | D90: =_xlfn.XLOOKUP($A90,original_data!$B:$B,original_data!E:E,"x",0) -> 2018 | E90: =_xlfn.XLOOKUP($A90,original_data!$B:$B,original_data!F:F,"x",0) -> 2023 | F90: merge | G90: Free Syrian Army | H90: renamed FSA
A91: Islamic Front | B91: =_xlfn.XLOOKUP(A91,original_data!B:B,original_data!C:C,0,) -> 1228 | C91: =_xlfn.XLOOKUP($A91,original_data!$B:$B,original_data!D:D,"x",0) -> 2 | D91: =_xlfn.XLOOKUP($A91,original_data!$B:$B,original_data!E:E,"x",0) -> 2013 | E91: =_xlfn.XLOOKUP($A91,original_data!$B:$B,original_data!F:F,"x",0) -> 2014 | F91: rename | G91: Jaysh al-Islam, Ahrar al-Sham, Liwa al-Tawhid
A92: Jabhat Fateh al-Sham | B92: =_xlfn.XLOOKUP(A92,original_data!B:B,original_data!C:C,0,) -> 1516 | C92: =_xlfn.XLOOKUP($A92,original_data!$B:$B,original_data!D:D,"x",0) -> 7 | D92: =_xlfn.XLOOKUP($A92,original_data!$B:$B,original_data!E:E,"x",0) -> 2012 | E92: =_xlfn.XLOOKUP($A92,original_data!$B:$B,original_data!F:F,"x",0) -> 2018 | F92: merge | G92: HTS: Hayat Tahrir al-Sham | H92: Stanford | I92: https://en.wikipedia.org/wiki/Al-Nusra_Front
A93: Civilians | B93: =_xlfn.XLOOKUP(A93,original_data!B:B,original_data!C:C,0,) -> 3933 | C93: =_xlfn.XLOOKUP($A93,original_data!$B:$B,original_data!D:D,"x",0) -> 13 | D93: =_xlfn.XLOOKUP($A93,original_data!$B:$B,original_data!E:E,"x",0) -> 2011 | E93: =_xlfn.XLOOKUP($A93,original_data!$B:$B,original_data!F:F,"x",0) -> 2023 | G93: Civilians
A94: SDF | B94: =_xlfn.XLOOKUP(A94,original_data!B:B,original_data!C:C,0,) -> 5231 | C94: =_xlfn.XLOOKUP($A94,original_data!$B:$B,original_data!D:D,"x",0) -> 9 | D94: =_xlfn.XLOOKUP($A94,original_data!$B:$B,original_data!E:E,"x",0) -> 2015 | E94: =_xlfn.XLOOKUP($A94,original_data!$B:$B,original_data!F:F,"x",0) -> 2023 | F94: keep | G94: Syrian Democratic Forces | H94: Stanford
A95: IS | B95: =_xlfn.XLOOKUP(A95,original_data!B:B,original_data!C:C,0,) -> 16131 | C95: =_xlfn.XLOOKUP($A95,original_data!$B:$B,original_data!D:D,"x",0) -> 11 | D95: =_xlfn.XLOOKUP($A95,original_data!$B:$B,original_data!E:E,"x",0) -> 2013 | E95: =_xlfn.XLOOKUP($A95,original_data!$B:$B,original_data!F:F,"x",0) -> 2023 | F95: keep | G95: The Islamic State | H95: Stanford
A96: Syrian insurgents | B96: =_xlfn.XLOOKUP(A96,original_data!B:B,original_data!C:C,0,) -> 65248 | C96: =_xlfn.XLOOKUP($A96,original_data!$B:$B,original_data!D:D,"x",0) -> 13 | D96: =_xlfn.XLOOKUP($A96,original_data!$B:$B,original_data!E:E,"x",0) -> 2011 | E96: =_xlfn.XLOOKUP($A96,original_data!$B:$B,original_data!F:F,"x",0) -> 2023 | G96: Syrian Insurgents | H96: unidentifiable | I96: Groups subsumed under the Syrian insurgents-heading include Ahrar al-Sham, HTS (often referred to as Jabhat al- 21 Nusra li al-Sham), and a multitude of groups that branded themselves FSA (Free Syrian Army). It should however be stressed that numerous other groups are also included.
A97: Government of Syria | B97: =_xlfn.XLOOKUP(A97,original_data!B:B,original_data!C:C,0,) -> 73586 | C97: =_xlfn.XLOOKUP($A97,original_data!$B:$B,original_data!D:D,"x",0) -> 13 | D97: =_xlfn.XLOOKUP($A97,original_data!$B:$B,original_data!E:E,"x",0) -> 2011 | E97: =_xlfn.XLOOKUP($A97,original_data!$B:$B,original_data!F:F,"x",0) -> 2023 | F97: keep | G97: Military Forces of Syria
A98: Hamas | B98: =_xlfn.XLOOKUP(A98,original_data!B:B,original_data!C:C,0,) -> 0 | C98: =_xlfn.XLOOKUP($A98,original_data!$B:$B,original_data!D:D,"x",0) -> x | D98: =_xlfn.XLOOKUP($A98,original_data!$B:$B,original_data!E:E,"x",0) -> x | E98: =_xlfn.XLOOKUP($A98,original_data!$B:$B,original_data!F:F,"x",0) -> x | F98: drop | G98: x | H98: before 2011

Sheet original_data
A1: id | B1: name | C1: ACDevent | D1: active | E1: mintime | F1: maxtime
A2: 1 | B2: 16th Division | C2: 1 | D2: 1 | E2: 2014 | F2: 2014
A3: 2 | B3: 23rd Division | C3: 284 | D3: 1 | E3: 2018 | F3: 2018
A4: 3 | B4: Ahfad al Rasoul Brigade | C4: 42 | D4: 1 | E4: 2013 | F4: 2013
A5: 4 | B5: Ahrar Ghurayan | C5: 9 | D5: 1 | E5: 2014 | F5: 2014
A6: 5 | B6: Ahrar al-Sham | C6: 930 | D6: 5 | E6: 2013 | F6: 2018
A7: 6 | B7: Ahrar al-Sharqiya | C7: 4 | D7: 1 | E7: 2020 | F7: 2020
A8: 7 | B8: Aknaf Bait al-Maqdis | C8: 155 | D8: 4 | E8: 2015 | F8: 2018
A9: 8 | B9: Army of Ahl al-Sunni wal Jamaa | C9: 136 | D9: 1 | E9: 2014 | F9: 2014
A10: 9 | B10: Army of Maoata al-Islami | C10: 147 | D10: 1 | E10: 2014 | F10: 2014
A11: 10 | B11: Army of al-Ikhlas | C11: 136 | D11: 1 | E11: 2014 | F11: 2014
A12: 11 | B12: Authenticity and Development Front | C12: 345 | D12: 3 | E12: 2014 | F12: 2016
A13: 12 | B13: Bayareq al-Shaaitat | C13: 136 | D13: 1 | E13: 2014 | F13: 2014
... A97: 96 | B97: al-Tawhid Brigade | C97: 125 | D97: 1 | E97: 2013 | F97: 2013
